principio_activo,unidad_de_dispensacion,concentracion,unidad_base,nombre_comercial,fabricante,factoresprecio,numerofactor,cantidad,cant_modificada
Vitamina E,Tableta o cápsula,Vitamina E 400 mg,mg,Rainforest,Votre Passion,Medio,2,600,0.06
3-(4-Metil Benciliden) Bornanona + Hidroquinona,Cremas o geles o ungüentos o pomadas o pastas o jaleas,3-(4-Metil Benciliden) Bornanona 2.5 g + Hidroquinona 5 g,g,Cremoquinona,Bussié,Medio,2,20000000,2000
Acetaminofem + Clorfenilamina + Fenilefrina,Tableta o cápsula,Acetaminofem 500 mg. + Clorfenilamina 2 mg + Fenilefrina 10 mg.,mg.,Grinox,Farmacoop,Medio,2,60000000,6000
Acetaminofen,Solución o suspensión oral,Acetaminofen 0.1 g,g,Acetaminofen,Bluepharma,Medio,2,20000000,2000
A/Brisbane/02/2018 (H1N1) Pdm09 - Cepa Análoga (A/Brisbane/02/2018. Ivr-190). + A/South Australia/34/2019 (H3N2) - Cepa Análoga (A/South Australia/34/2019. Ivr-197). + B/Washington/02/2019-Like (B/Victoria Lineage) - Cepa Análoga(B/Victoria/705/2018. Bvr-11),Solución o suspensión inyectable,A/Brisbane/02/2018 (H1N1) Pdm09 - Cepa Análoga (A/Brisbane/02/2018. Ivr-190). 15 mcg + A/South Australia/34/2019 (H3N2) - Cepa Análoga (A/South Australia/34/2019. Ivr-197). 15 mcg + B/Washington/02/2019-Like (B/Victoria Lineage) - Cepa Análoga(B/Victoria/705/2018. Bvr-11) 15 mcg,mcg,Agrippal,Sepulveda Grajales John Eugenio,Medio,2,60000000,6000
A/Michigan/45/2015 (H1N1)Pdm09-Like Con Cepa (A/Michigan/45/2015 X-275 (H1N1)) + A/Switzerland/8060/2017 (H3N2)-Like Con Cepa (A/Brisbane/1/2018. X-311) + B/Colorado/06/2017-Like Virus (B/Victoria/2/87 Lineage) Con Cepa (B/Maryland/15/2016 Bx-69A). Cepa Natural (Salvaje) + B/Phuket/3073/2013 (Linaje B/Yamagata/16/88) (B/Phunket/3073/2013),Solución o suspensión inyectable,A/Michigan/45/2015 (H1N1)Pdm09-Like Con Cepa (A/Michigan/45/2015 X-275 (H1N1)) 15 mcg + A/Switzerland/8060/2017 (H3N2)-Like Con Cepa (A/Brisbane/1/2018. X-311) 15 mcg + B/Colorado/06/2017-Like Virus (B/Victoria/2/87 Lineage) Con Cepa (B/Maryland/15/2016 Bx-69A). Cepa Natural (Salvaje) 15 mcg + B/Phuket/3073/2013 (Linaje B/Yamagata/16/88) (B/Phunket/3073/2013) 15 mcg,mcg,Fluquadri,Sanofi Aventis,Medio,2,20000000,2000
A/Michigan/45/2015 (H1N1)Pdm09-Like Con Cepa (A/Michigan/45/2015 X-275 (H1N1)) + A/Switzerland/8060/2017 (H3N2)-Like Con Cepa (A/Brisbane/1/2018. X-311) + B/Colorado/06/2017-Like Virus (B/Victoria/2/87 Lineage) Con Cepa (B/Maryland/15/2016 Bx-69A). Cepa Natural (Salvaje) + B/Phuket/3073/2013 (Linaje B/Yamagata/16/88) (B/Phunket/3073/2013),Solución o suspensión inyectable,A/Michigan/45/2015 (H1N1)Pdm09-Like Con Cepa (A/Michigan/45/2015 X-275 (H1N1)) 7.5 mcg + A/Switzerland/8060/2017 (H3N2)-Like Con Cepa (A/Brisbane/1/2018. X-311) 7.5 mcg + B/Colorado/06/2017-Like Virus (B/Victoria/2/87 Lineage) Con Cepa (B/Maryland/15/2016 Bx-69A). Cepa Natural (Salvaje) 7.5 mcg + B/Phuket/3073/2013 (Linaje B/Yamagata/16/88) (B/Phunket/3073/2013) 7.5 mcg,mcg,Fluquadri,Sanofi Aventis,Medio,2,60000000,6000
Abacavir,Solución o suspensión oral,Abacavir 100 mg,mg,Abacavir,Humax,Medio,2,20000000,2000
Abacavir,Solución o suspensión oral,Abacavir 2 g,g,Abacar,Hetero,Medio,2,200000000,20000
Abacavir + Lamivudina + Zidovudina,Tableta o cápsula,Abacavir 300 mg + Lamivudina 150 mg + Zidovudina 300 mg,mg,Lamivudina,Humax,Medio,2,170000000,17000
Abacavir + Dolutegravir + Lamivudina,Tableta o cápsula,Abacavir 600 mg + Dolutegravir 50 mg + Lamivudina 300 mg,mg,Triumeq,Glaxosmithkline,Medio,2,200000000,20000
Abatacept,Solución o suspensión inyectable,Abatacept 125 mg,mg,Orencia,Bristol Myers Squibb,Medio,2,180000000,18000
Abatacept,Polvo para reconstituir a Solución o suspensión inyectable,Abatacept 250 mg,mg,Orencia,Bristol Myers Squibb,Medio,2,200000000,20000
Abiraterona,Tableta o cápsula,Abiraterona 500 mg,mg,Zytiga,Janssen,Medio,2,170000000,17000
Acebrofilina,Cremas o geles o ungüentos o pomadas o pastas o jaleas,Acebrofilina 0.5 g,g,Filinar,Eurofarma,Medio,2,200000000,20000
Aceclofenaco,Tableta o cápsula de liberación modificada,Aceclofenaco 200 mg,mg,Zerodol,Ipca,Medio,2,180000000,18000
Aceite Animal,Emulsión inyectable,Aceite Animal 10000 mg,mg,Omegaven,Fresenius,Medio,2,200000000,20000
Aceite De Eucalipto + Alcanfor + Mentol,Cremas o geles o ungüentos o pomadas o pastas o jaleas,Aceite De Eucalipto 1.33 g + Alcanfor 5.26 g + Mentol 2.82 g,g,Vick,Procter & Gamble,Medio,2,170000000,17000
Acetaminofen + Fenilefrina,Polvo para reconstituir a Solución o suspensión oral,Acetaminofen 0.5 g + Fenilefrina 0.01 g,g,Noxpirin,Siegfried,Medio,2,200000000,20000
Aceite De Oliva + Aceite De Soya  + Sodio Acetato + Acido Aspartico + Acido Glutamico + Calcio Cloruro + Magnesio Cloruro + Cloruro De Potasio + Glicerofosfato De Sodio Monohidrato + Glicina + Glucosa Monohidrato + L-Metionina + Alanina + Arginina + Fenilalanina + Histidina + Lisina + Isoleucina + Leucina + Prolina + Serina + Tirosina + Treonina + Triptofano + Valina,Emulsión inyectable,Aceite De Oliva + Aceite De Soya  3 g + Sodio Acetato 0.116 g + Acido Aspartico 0.073 g + Acido Glutamico 0.126 g + Calcio Cloruro 0.03 g + Magnesio Cloruro 0.045 g + Cloruro De Potasio 0.119 g + Glicerofosfato De Sodio Monohidrato 0.191 g + Glicina 0.176 g + Glucosa Monohidrato 8.25 g + L-Metionina 0.126 g + Alanina 0.366 g + Arginina 0.248 g + Fenilalanina 0.176 g + Histidina 0.151 g + Lisina 0.281 g + Isoleucina 0.126 g + Leucina 0.176 g + Prolina 0.151 g + Serina 0.1 g + Tirosina 0.006 g + Treonina 0.126 g + Triptofano 0.042 g + Valina 0.162 g,g,Periolimel,Baxter,Medio,2,180000000,18000
Aceite De Oliva Y Aceite De Soya,Emulsión inyectable,Aceite De Oliva Y Aceite De Soya 20 g,g,Clinoleic,Baxter,Medio,2,200000000,20000
Aceite De Oliva Y Aceite De Soya + Magnesio Acetato + Potasio Acetato + Acido Aspartico + Acido Glutamico + Alanina + Arginina + Cisteina + Ornitina + Calcio Cloruro + Aminoacidos + Lipidos + Glucosa + Fenilalanina + Sodio + Glicina + Histidina + Isoleucina + Leucina + Metionina + Glucosa + Lisina + Prolina + Serina + Taurina + Tirosina + Treonina + Triptofano + Valina,Emulsión inyectable,Aceite De Oliva Y Aceite De Soya 7.5 g + Magnesio Acetato 0.1 g + Potasio Acetato 0.61 g + Acido Aspartico 0.56 g + Acido Glutamico 0.93 g + Alanina 0.75 g + Arginina 0.78 g + Cisteina 0.18 g + Ornitina 0.23 g + Calcio Cloruro 0.55 g + Aminoacidos 160 ml + Lipidos 60 ml + Glucosa 80 ml + Fenilalanina 0.39 g + Sodio 0.98 g + Glicina 0.37 g + Histidina 0.35 g + Isoleucina 0.62 g + Leucina 0.93 g + Metionina 0.22 g + Glucosa 40 g + Lisina 1.03 g + Prolina 0.28 g + Serina 0.37 g + Taurina 0.06 g + Tirosina 0.07 g + Treonina 0.35 g + Triptofano 0.19 g + Valina 0.71 g,g,Numeta,Baxter,Medio,2,170000000,17000
Aceite De Soya + Fosfolipidos De Huevo + Glicerol + Trigliceridos,Emulsión inyectable,Aceite De Soya 10 g + Fosfolipidos De Huevo 1.2 g + Glicerol 2.5 g + Trigliceridos 10 g,g,Lipovenos,Fresenius,Medio,2,200000000,20000
Aceite De Soya + Trigliceridos,Emulsión inyectable,Aceite De Soya 10 g + Trigliceridos 10 g,g,Lipofundin,Braun Melsungen,Medio,2,180000000,18000
Aceite De Soya + Magnesio Acetato + Potasio Acetato + Sodio Acetato + Acetato De Zinc + Acido Aspartico + Acido Glutamico + Alanina + Arginina + Lisina + Calcio Cloruro + Cloruro De Sodio + Sodio Fosfato Dibasico + Fenilalanina + Glicina + Glucosa + Sodio Hidroxido + Histidina + Isoleucina + Leucina + Metionina + Prolina + Serina + Treonina + Trigliceridos + Triptofano + Valina,Emulsión inyectable,Aceite De Soya 20 mg + Magnesio Acetato 0.515 mg + Potasio Acetato 2.354 mg + Sodio Acetato 0.435 mg + Acetato De Zinc 0.00528 mg + Acido Aspartico 1.2 mg + Acido Glutamico 2.8 mg + Alanina 3.88 mg + Arginina 2.16 mg + Lisina 1.816 mg + Calcio Cloruro 0.353 mg + Cloruro De Sodio 0.865 mg + Sodio Fosfato Dibasico 0.936 mg + Fenilalanina 2.808 mg + Glicina 1.32 mg + Glucosa 64 mg + Sodio Hidroxido 0.64 mg + Histidina 1 mg + Isoleucina 1.872 mg + Leucina 2.504 mg + Metionina 1.568 mg + Prolina 2.72 mg + Serina 2.4 mg + Treonina 1.456 mg + Trigliceridos 20 mg + Triptofano 0.456 mg + Valina 2.08 mg,mg,Nutriflex,Braun Melsungen,Medio,2,200000000,20000
Aceite Vegetal + Lisina + Sodio Acetato + Acido Aspartico + Acido Glutamico + Alanina + Arginina + Calcio Cloruro + Magnesio Cloruro + Cloruro De Potasio + Fenilalanina + Sodio Glicerofosfato + Glicina + Glucosa + Histidina + Isoleucina + Leucina + Metionina + Prolina + Serina + Tirosina + Treonina + Triptofano + Valina,Emulsión inyectable,Aceite Vegetal 4000 mg + Lisina 448 mg + Sodio Acetato 150 mg + Acido Aspartico 165 mg + Acido Glutamico 284 mg + Alanina 824 mg + Arginina 558 mg + Calcio Cloruro 52 mg + Magnesio Cloruro 203 mg + Cloruro De Potasio 0.224 g + Fenilalanina 395 mg + Sodio Glicerofosfato 367 mg + Glicina 395 mg + Glucosa 11000 mg + Histidina 340 mg + Isoleucina 284 mg + Leucina 395 mg + Metionina 284 mg + Prolina 340 mg + Serina 225 mg + Tirosina 15 mg + Treonina 284 mg + Triptofano 95 mg + Valina 364 mg,mg,Olimel,Baxter,Medio,2,170000000,17000
Aceite De Soya + Magnesio Acetato + Potasio Acetato + Sodio Acetato + Acetato De Zinc + Acido Aspartico + Acido Glutamico + Alanina + Arginina + Lisina + Calcio Cloruro + Cloruro De Sodio + Fenilalanina + Fosfato + Metionina + Prolina + Serina + Treonina + Trigliceridos + Triptofano + Valina + Prolina + Serina + Treonina + Trigliceridos + Triptofano + Valina,Emulsión inyectable,Aceite De Soya 20 mg + Magnesio Acetato 0.91 mg + Potasio Acetato 3.689 mg + Sodio Acetato 0.25 mg + Acetato De Zinc 0.623 mg + Acido Aspartico 2.1 mg + Acido Glutamico 4.908 mg + Alanina 6.792 mg + Arginina 3.78 mg + Lisina 3.184 mg + Calcio Cloruro 0.623 mg + Cloruro De Sodio 0.378 mg + Fenilalanina 4.916 mg + Fosfato 2.496 mg + Metionina 2.73 mg + Prolina 4.76 mg + Serina 4.2 mg + Treonina 2.54 mg + Trigliceridos 20 mg + Triptofano 0.8 mg + Valina 3.6 mg + Prolina 4.76 mg + Serina 4.2 mg + Treonina 2.54 mg + Trigliceridos 20 mg + Triptofano 0.8 mg + Valina 3.6 mg,mg,Nutriflex,Braun Melsungen,Medio,2,200000000,20000
Aceite De Soya + Trigliceridos + Trigliceridos,Emulsión inyectable,Aceite De Soya 80 g + Trigliceridos 2000 mg + Trigliceridos 2000 mg,g,Lipoplus,Braun Melsungen,Medio,2,180000000,18000
Aceite Vegetal + Aceite Animal + Aceite De Soya + Trigliceridos,Emulsión inyectable,Aceite Vegetal 100 mg + Aceite Animal 60 mg + Aceite De Soya 120 mg + Trigliceridos 120 mg,mg,Smoflipid,Fresenius,Medio,2,200000000,20000
Aceite Vegetal,Solución o suspensión oral,Aceite Vegetal 100 mg,mg,Aceite De Ricino Osa,Osa,Medio,2,170000000,17000
Aceite Vegetal + Alcanfor + Esencia De Trementina + Mentol,Cremas o geles o ungüentos o pomadas o pastas o jaleas,Aceite Vegetal 1330 mg + Alcanfor 5260 mg + Esencia De Trementina 4670 mg + Mentol 2820 mg,mg,Alivrub,Tecnoquimicas,Medio,2,200000000,20000
Aceite Vegetal + Magnesio Acetato + Potasio Acetato + Sodio Acetato + Acetato De Zinc + Acido Aspartico + Acido Glutamico + Acidos Omega 3 + Alanina + Arginina + Calcio Cloruro + Cloruro De Sodio + Sodio Fosfato Dibasico + Fenilalanina + Glicina + Glucosa + Hidroxido De Sodio + Histidina + Isoleucina + Leucina + Lisina + Metionina + Prolina + Serina + Treonina + Trigliceridos + Triptofano + Valina,Emulsión inyectable,Aceite Vegetal 1600 mg + Magnesio Acetato 91 mg + Potasio Acetato 3.689 mg + Sodio Acetato 25 mg + Acetato De Zinc 0.007024 mg + Acido Aspartico 210 mg + Acido Glutamico 490.8 mg + Acidos Omega 3 400 mg + Alanina 679.2 mg + Arginina 378 mg + Calcio Cloruro 62.3 mg + Cloruro De Sodio 0.378 mg + Sodio Fosfato Dibasico 249.6 mg + Fenilalanina 491.6 mg + Glicina 231.2 mg + Glucosa 14400 mg + Hidroxido De Sodio 1.171 mg + Histidina 175 mg + Isoleucina 328.4 mg + Leucina 438.4 mg + Lisina 318.4 mg + Metionina 273.6 mg + Prolina 476 mg + Serina 420 mg + Treonina 254 mg + Trigliceridos 2000 mg + Triptofano 80 mg + Valina 360.4 mg,mg,Nutriflex,Braun Melsungen,Medio,2,180000000,18000
Aceite Vegetal + Simeticona,Tableta o cápsula,Aceite Vegetal 20 mg + Simeticona 125 mg,mg,Finigax,Lafrancol,Medio,2,200000000,20000
Aceite Vegetal + Acido Aspartico + Acido Glutamico + Alanina + Arginina + Fenilalanina + Glicina + Glucosa + Histidina + Isoleucina + Leucina + Lisina + Metionina + Prolina + Serina + Tirosina + Treonina + Triptofano + Valina,Emulsión inyectable,Aceite Vegetal 4000 mg + Acido Aspartico 128 mg + Acido Glutamico 221 mg + Alanina 641 mg + Arginina 434 mg + Fenilalanina 307 mg + Glicina 307 mg + Glucosa 14000 mg + Histidina 264 mg + Isoleucina 221 mg + Leucina 307 mg + Lisina 348 mg + Metionina 221 mg + Prolina 264 mg + Serina 175 mg + Tirosina 11 mg + Treonina 221 mg + Triptofano 74 mg + Valina 283 mg,mg,Olimel,Baxter,Medio,2,170000000,17000
Acemetacina,Tableta o cápsula,Acemetacina 60 mg,mg,Meravill,Anzg,Medio,2,200000000,20000
Acemetacina,Tableta o cápsula,Acemetacina 90 mg,mg,Rantudil,Bial Portela,Medio,2,180000000,18000
Acetaminofem + Dextrometorfano + Fenilefrina + Levocetirizina,Polvo para reconstituir a Solución o suspensión inyectable/inhalación,Acetaminofem 500 mg + Dextrometorfano 20 mg + Fenilefrina 20 mg + Levocetirizina 2.5 mg,mg,Noraver,Tecnoquimicas,Medio,2,200000000,20000
Acetaminofen,Solución o suspensión inyectable,Acetaminofen 1 g,g,Paracetamol,Fresenius,Medio,2,170000000,17000
Acetaminofen + Cetirizina + Fenilefrina,Solución o suspensión oral,Acetaminofen 100 mg + Cetirizina 1 mg + Fenilefrina 2 mg,g,Fluzetrin,Chalver,Medio,2,200000000,20000
Acetaminofen + Fenilefrina + Loratadina,Solución o suspensión oral,Acetaminofen 100 mg + Fenilefrina 2 mg + Loratadina 1 mg,g,Descongelito,Chalver,Medio,2,180000000,18000
Acetaminofen + Feniramina,Solución o suspensión oral,Acetaminofen 100 mg + Feniramina 0.5 mg,g,Coricidin,Bayer,Medio,2,20000000,2000
Acetaminofen,Tableta o cápsula,Acetaminofen 100 mg,g,Dolex,Glaxosmithkline,Medio,2,20000000,2000
Acetaminofen,Jarabe,Acetaminofen 160 mg,g,Acetaminofen,Genfar,Medio,2,20000000,2000
Acetaminofen + Cafeina + Dexibuprofeno,Tableta o cápsula,Acetaminofen 250 mg + Cafeina 65 mg + Dexibuprofeno 200 mg,g,Taflax Forte,Closter Pharma,Medio,2,20000000,2000
Acetaminofen + Dextrometorfano + Clorfeniramina + Fenilefrina,Tableta o cápsula,Acetaminofen 250 mg + Dextrometorfano 10 mg + Clorfeniramina 2 mg + Fenilefrina 5 mg,g,Tabcin,Bayer,Medio,2,20000000,2000
Acetaminofen + Dextrometorfano + Fenilefrina + Succinato De Doxilamina,Tableta o cápsula,Acetaminofen 250 mg + Dextrometorfano 10 mg + Fenilefrina 5 mg + Succinato De Doxilamina 6.25 mg,mg,Tabcin,Bayer,Medio,2,20000000,2000
Acetaminofen + Cafeina + Ibuprofeno,Tableta o cápsula,Acetaminofen 277.77 mg + Cafeina 65 mg + Ibuprofeno 444.44 mg,mg,Tredol,Kevipharma,Medio,2,20000000,2000
Acetaminofen + Cetirizina + Fenilefrina,Jarabe,Acetaminofen 3 g + Cetirizina 0.05 g + Fenilefrina 0.1 g,g,Legrip Jarabe,Coopidrogas,Medio,2,50000000,5000
Acetaminofen + Cetirizina + Fenilefrina,Jarabe,Acetaminofen 3 g + Cetirizina 0.059 g + Fenilefrina 0.1 g,g,Aldagryp Junior,Alda,Medio,2,50000000,5000
Acetaminofen + Clorfeniramina + Fenilefrina,Jarabe,Acetaminofen 3 g + Clorfeniramina 0.25 mg + Fenilefrina 50 mg,g,Gripofen,Seres,Medio,2,50000000,5000
Acetaminofen + Clorfeniramina + Fenilefrina,Jarabe,Acetaminofen 3 g + Clorfeniramina 25 mg + Fenilefrina 50 mg,g,Taigrip,Kevipharma,Medio,2,50000000,5000
Acetaminofen + Clorfeniramina + Fenilefrina,Jarabe,Acetaminofen 3 g + Clorfeniramina 5 mg + Fenilefrina 50 mg,g,Taigrip,Kevipharma,Medio,2,250000,25
Acetaminofen,Solución o suspensión oral,Acetaminofen 3 g,g,Firexifen,Labquifar,Medio,2,2000000,200
Acetaminofen + Cetirizina + Fenilefrina,Jarabe,Acetaminofen 3.3333 g + Cetirizina 0.0395 g + Fenilefrina 0.1333 g,g,Noxpirin,Siegfried,Medio,2,250000,25
Acetaminofen + Cetirizina + Fenilefrina,Jarabe,Acetaminofen 3000 mg + Cetirizina 50 mg + Fenilefrina 100 mg,mg,Noxpirin,Siegfried,Medio,2,2000000,200
Acetaminofen,Jarabe,Acetaminofen 3000 mg,mg,Dolofen,Procaps,Medio,2,250000,25
Acetaminofen,Jarabe,Acetaminofen 3200 mg,mg,Dolex,Glaxosmithkline,Medio,2,2000000,200
Acetaminofen + Clorfeniramina + Fenilefrina,Polvo para reconstituir a Solución o suspensión oral,Acetaminofen 325 mg + Clorfeniramina 2.1 mg + Fenilefrina 5.25 mg,mg,Noxpirin,Siegfried,Medio,2,250000,25
Acetaminofen + Hidrocodona,Tableta o cápsula,Acetaminofen 325 mg + Hidrocodona 10 mg,mg,Sinalgen,Grunenthal,Medio,2,2000000,200
Acetaminofen + Metocarbamol,Tableta o cápsula,Acetaminofen 325 mg + Metocarbamol 400 mg,mg,Robaxifen,Glaxosmithkline,Medio,2,250000,25
Acetaminofen + Naproxeno + Cafeina,Tableta o cápsula,Acetaminofen 325 mg + Naproxeno 250 mg + Cafeina 65 mg,mg,Durafex,Tecnoquimicas,Medio,2,2000000,200
Acetaminofen + Tiocolchicosida,Tableta o cápsula,Acetaminofen 325 mg + Tiocolchicosida 4 mg,mg,Fleximax,Lafrancol,Medio,2,250000,25
Acetaminofen + Tizanidina,Tableta o cápsula,Acetaminofen 325 mg + Tizanidina 2 mg,mg,Algi,Scandinavia Pharma,Medio,2,2000000,200
Acetaminofen + Acetaminofen + Cafeina,Tableta o cápsula,Acetaminofen 350 mg + Acetaminofen 150 mg + Cafeina 40 mg,mg,Analper,La Sante,Medio,2,250000,25
Acetaminofen + Metocarbamol,Tableta o cápsula,Acetaminofen 350 mg + Metocarbamol 500 mg,mg,Metacet,America,Medio,2,2000000,200
Acetaminofen + Metocarbamol,Tableta o cápsula,Acetaminofen 350 mg + Metocarbamol 750 mg,mg,Jaquedol,Incobra,Medio,2,250000,25
Acetaminofen + Tizanidina,Tableta o cápsula,Acetaminofen 350 mg + Tizanidina 2 mg,mg,Tizafen,Zeyco,Medio,2,2000000,200
Acetaminofen + Acetaminofen,Tableta o cápsula,Acetaminofen 500 mg + Acetaminofen 500 mg,mg,Acetaminofen,Pentacoop,Medio,2,250000,25
Acetaminofen + Cafeina + Fenilefrina + Clorfenamina,Tableta o cápsula,Acetaminofen 500 mg + Cafeina 25 mg + Fenilefrina 5 mg + Clorfenamina 4 mg,mg,Next,Genoma,Medio,2,2000000,200
Acetaminofen + Cafeina + Cetirizina + Fenilefrina,Tableta o cápsula,Acetaminofen 500 mg + Cafeina 30 mg + Cetirizina 5 mg + Fenilefrina 10.08 mg,mg,Oxygrip,Europharma,Medio,2,250000,25
Acetaminofen + Cafeina + Cetirizina + Fenilefrina,Tableta o cápsula,Acetaminofen 500 mg + Cafeina 30 mg + Cetirizina 5.12 mg + Fenilefrina 10.2 mg,mg,Zetygrip,Ruecam,Medio,2,2000000,200
Acetaminofen + Cafeina + Clorfeniramina + Fenilefrina,Tableta o cápsula,Acetaminofen 500 mg + Cafeina 30 mg + Clorfeniramina 2 mg + Fenilefrina 10 mg,mg,Docefal,Siegfried,Medio,2,100000000,10000
Acetaminofen + Cafeina + Clorfeniramina + Fenilefrina,Tableta o cápsula,Acetaminofen 500 mg + Cafeina 30 mg + Clorfeniramina 2 mg + Fenilefrina 5 mg,mg,Sintorex,Quimica Patric,Medio,2,100000000,10000
Acetaminofen + Cafeina + Desloratadina + Fenilefrina,Polvos o granulados,Acetaminofen 500 mg + Cafeina 30 mg + Desloratadina 2.5 mg + Fenilefrina 20 mg,mg,Congestex,Novamed,Medio,2,100000000,10000
Acetaminofen + Cafeina + Fenilefrina + Cetirizina,Tableta o cápsula,Acetaminofen 500 mg + Cafeina 30 mg + Fenilefrina 10 mg + Cetirizina 5 mg,mg,Asobroncol,Rociphar,Medio,2,100000000,10000
Acetaminofen + Cafeina,Tableta o cápsula,Acetaminofen 500 mg + Cafeina 65 mg,mg,Dolex,Glaxosmithkline,Medio,2,100000000,10000
Acetaminofen + Cetirizina + Fenilefrina,Polvo para reconstituir a Solución o suspensión inyectable/inhalación,Acetaminofen 500 mg + Cetirizina 5 mg + Fenilefrina 10 mg,mg,Zetygrip,Ruecam,Medio,2,100000000,10000
Acetaminofen + Clorfeniramina + Fenilefrina,Polvo para reconstituir a Solución o suspensión oral,Acetaminofen 500 mg + Clorfeniramina 2 mg + Fenilefrina 10 mg,mg,Genfargrip,Genfar,Medio,2,10000000,1000
Acetaminofen + Clorfeniramina + Fenilefrina,Cremas o geles o ungüentos o pomadas o pastas o jaleas,Acetaminofen 500 mg + Clorfeniramina 4 mg + Fenilefrina 10 mg,mg,Zetygrip,Ruecam,Medio,2,10000000,1000
Acetato De Aluminio,Loción,Acetato De Aluminio 0.118 g,g,Acetato De Aluminio,Winthrop,Medio,2,10000000,1000
Acetaminofen + Clorfeniramina Maleato + Fenilefrina,Polvo para reconstituir a Solución o suspensión oral,Acetaminofen 500 mg + Clorfeniramina Maleato 5 mg + Fenilefrina 10 mg,mg,Cheragrip,Induquimica,Medio,2,10000000,1000
Acetaminofen + Codeina,Tableta o cápsula,Acetaminofen 500 mg + Codeina 8 mg,mg,Nodol_Simple,Saluspharma,Medio,2,10000000,1000
Acetaminofen + Dextrometorfano + Fenilefrina,Tableta o cápsula,Acetaminofen 500 mg + Dextrometorfano 15 mg + Fenilefrina 10 mg,mg,Dristan,Glaxosmithkline,Medio,2,10000000,1000
Acetaminofen + Dextrometorfano + Difenhidramina + Fenilefrina,Cremas o geles o ungüentos o pomadas o pastas o jaleas,Acetaminofen 500 mg + Dextrometorfano 20 mg + Difenhidramina 25 mg + Fenilefrina 10 mg,mg,Noraver,Tecnoquimicas,Medio,2,10000000,1000
Acetaminofen + Difenhidramina + Fenilefrina,Polvos o granulados,Acetaminofen 500 mg + Difenhidramina 500 mg + Fenilefrina 10 mg,mg,Noraver,Tecnoquimicas,Medio,2,10000000,1000
Acetaminofen + Fenilefrina + Clorfeniramina,Cremas o geles o ungüentos o pomadas o pastas o jaleas,Acetaminofen 500 mg + Fenilefrina 10 mg + Clorfeniramina 4 mg,mg,Noxpirin,Siegfried,Medio,2,10000000,1000
Acetaminofen + Fenilefrina + Loratadina,Polvos o granulados,Acetaminofen 500 mg + Fenilefrina 10 mg + Loratadina 5 mg,mg,Resfrygrip,Labquifar,Medio,2,10000000,1000
Acetaminofen + Fenilefrina,Polvo para reconstituir a Solución o suspensión oral,Acetaminofen 500 mg + Fenilefrina 10 mg,mg,Legrip Dia,Coopidrogas,Medio,2,10000000,1000
Acetaminofen + Fenilefrina,Polvos o granulados,Acetaminofen 500 mg + Fenilefrina 10 mg,mg,Pax,Sanofi Aventis,Medio,2,10000000,1000
Acetaminofen + Fenilefrina + Clorfeniramina,Tableta o cápsula,Acetaminofen 500 mg + Fenilefrina 5 mg + Clorfeniramina 2 mg,mg,Dolex,Glaxosmithkline,Medio,2,10000000,1000
Acetaminofen + Fenilefrina,Tableta o cápsula,Acetaminofen 500 mg + Fenilefrina 5 mg,mg,Sinutab,Janssen,Medio,2,10000000,1000
Acetaminofen + Fenilefrina + Levocetirizina,Polvo para reconstituir a Solución o suspensión oral,Acetaminofen 500 mg + Fenilefrina 500 mg + Levocetirizina 2.5 mg,mg,Noraver,Tecnoquimicas,Medio,2,10000000,1000
Acetaminofen + Fenilefrina,Cremas o geles o ungüentos o pomadas o pastas o jaleas,Acetaminofen 500.25 mg + Fenilefrina 10 mg,mg,Genfargrip,Genfar,Medio,2,10000000,1000
Acetaminofen + Cetirizina + Fenilefrina,Jarabe,Acetaminofen 6.5 g + Cetirizina 50 mg + Fenilefrina 100 mg,g,Oxigrip,Europharma,Medio,2,10000000,1000
Acetaminofen + Desloratadina + Fenilefrina,Jarabe,Acetaminofen 6.5 g + Desloratadina 0.025 g + Fenilefrina 0.2 g,g,Congestex,Novamed,Medio,2,10000000,1000
Acetaminofen + Fenilefrina + Loratadina,Jarabe,Acetaminofen 6.5 g + Fenilefrina 0.1 g + Loratadina 0.05 g,g,Descongel,Chalver,Medio,2,10000000,1000
Acetaminofen + Tramadol,Jarabe,Acetaminofen 6.5 g + Tramadol 0.75 g,g,Fastfen,Siegfried,Medio,2,10000000,1000
Acetaminofen,Tableta o cápsula,Acetaminofen 650 mg,mg,Dolotrin,Licol,Medio,2,10000000,1000
Acetaminofen + Fenilefrina + Loratadina,Jarabe,Acetaminofen 6500 mg + Fenilefrina 100 mg + Loratadina 50 mg,mg,Resfrygrip,Labquifar,Medio,2,10000000,1000
Acetaninofen + Hidrocodona,Tableta o cápsula,Acetaninofen 325 mg + Hidrocodona 5 mg,mg,Balandof,Balance,Medio,2,10000000,1000
Acetato Basico De Zinc + Pramoxina,Loción,Acetato Basico De Zinc 100 mg + Pramoxina 1.075 g,mg,Dermiclear,Ecar,Medio,2,10000000,1000
Acetil Cisteina,Tableta o cápsula,Acetil Cisteina 200 mg,mg,Acemuk,Siegfried,Medio,2,50000000,5000
Acetilcisteina,Cremas o geles o ungüentos o pomadas o pastas o jaleas,Acetilcisteina 0.2 g,g,Acetilcisteina,Ecar,Medio,2,500000,50
Acetilcisteina,Solución o suspensión para inhalación,Acetilcisteina 10 g,g,Fluimucil,Zambon,Medio,2,3000000,300
Acetilcisteina,Solución o suspensión para inhalación,Acetilcisteina 10 mg,mg,Rinofluimucil,Zambon,Medio,2,50000000,5000
Acetilcisteina,Solución o suspensión inyectable,Acetilcisteina 100 mg,mg,Fluimucil,Zambon,Medio,2,500000,50
Acetilcisteina,Cremas o geles o ungüentos o pomadas o pastas o jaleas,Acetilcisteina 2 g,g,Acemuk,Siegfried,Medio,2,3000000,300
Acetilcisteina,Jarabe,Acetilcisteina 2 g,g,Flumixol,Novamed,Medio,2,500000,50
Acetilcisteina,Polvo para reconstituir a Solución o suspensión inyectable/inhalación,Acetilcisteina 200 mg,mg,Pumoxilin,Anzg,Medio,2,2000000,200
Acetilcisteina,Polvo para reconstituir a Solución o suspensión oral,Acetilcisteina 200 mg,mg,Zifluvis,Bioquifar,Medio,2,500000,50
Acetilcisteina,Jarabe,Acetilcisteina 2000 mg,mg,Fluimucil,Zambon,Medio,2,2000000,200
Acetilcisteina,Solución o suspensión oral,Acetilcisteina 2000 mg,mg,Aflux,Tecnofar,Medio,2,500000,50
Acetilcisteina,Polvo para reconstituir a Solución o suspensión oral,Acetilcisteina 600 mg,mg,Aflux,Tecnofar,Medio,2,2000000,200
Acetilcisteina,Polvos o granulados,Acetilcisteina 6666.7 mg,mg,Flumixol,Novamed,Medio,2,500000,50
Aciclovir,Polvo para reconstituir a Solución o suspensión oral,Aciclovir 2000 mg,mg,Aciclovir,Genfar,Medio,2,2000000,200
Aciclovir,Cremas o geles o ungüentos o pomadas o pastas o jaleas,Aciclovir 3 g,g,Viraoftal,Blaskov,Medio,2,500000,50
Aciclovir,Cremas o geles o ungüentos o pomadas o pastas o jaleas,Aciclovir 3000 mg,mg,Virex,Grunenthal,Medio,2,2000000,200
Aciclovir,Polvo para reconstituir a Solución o suspensión oral,Aciclovir 4000 mg,mg,Aciclovir,Anglopharma,Medio,2,500000,50
Acido  Nicotinico,Tableta o cápsula,Acido  Nicotinico 100 mg,mg,Acido Nicotinico,Ecar,Medio,2,2000000,200
Acido Acetico,Solución o suspensión tópica,Acido Acetico 0.077 g,g,Ducha Vaginal Intima Azul,Ipef,Medio,2,15000000,1500
Acido Acetil Salicilico,Tableta o cápsula,Acido Acetil Salicilico 100 mg,mg,Acido Acetil Salicilico,American Generics,Medio,2,15000000,1500
Acido Acetil Salicilico + Fenilefrina + Dextrometorfano + Clorfeniramina,Tableta o cápsula,Acido Acetil Salicilico 325 mg + Fenilefrina 8 mg + Dextrometorfano 10 mg + Clorfeniramina 2 mg,mg,Tabcin,Bayer,Medio,2,15000000,1500
Acido Acetil Salicilico + Clopidrogrel,Tableta o cápsula,Acido Acetil Salicilico 75 mg + Clopidrogrel 75 mg,mg,Atelit,Lafrancol,Medio,2,15000000,1500
Acido Acetilsalicilico + Acido Citrico + Bicarbonato De Sodio,Tableta o cápsula,Acido Acetilsalicilico 0.324 g + Acido Citrico 1 g + Bicarbonato De Sodio 1976 g,g,Alka - Seltzer,Bayer,Medio,2,15000000,1500
Clotrimazol,Óvulo,Clotrimazol 100 mg,mg,Clotrimazol,Colmed,Medio,2,15000000,1500
Acido Acetilsalicilico + Bicarbonato De Sodio,Polvos o granulados,Acido Acetilsalicilico 0.5 g + Bicarbonato De Sodio 2.83 g,g,Bonfiest,Tecnofar,Medio,2,15000000,1500
Acido Acetilsalicilico + Bicarbonato De Sodio + Cafeina,Polvos o granulados,Acido Acetilsalicilico 0.65 g + Bicarbonato De Sodio 2.51 g + Cafeina 0.065 g,g,Bonfiest,Tecnofarma,Medio,2,20000000,2000
Acido Acetilsalicilico + Clopidogrel,Tableta o cápsula,Acido Acetilsalicilico 100 mg + Clopidogrel 75 mg,mg,Atelit-Duo,Lafrancol,Medio,2,20000000,2000
Acido Acetilsalicilico + Acido Citrico + Bicarbonato De Sodio + Cafeina,Polvos o granulados,Acido Acetilsalicilico 500 mg + Acido Citrico 1000 mg + Bicarbonato De Sodio 1400 mg + Cafeina 65 mg,mg,Alka-Seltzer,Bayer,Medio,2,20000000,2000
Acido Acetilsalicilico + Cafeina,Tableta o cápsula,Acido Acetilsalicilico 650 mg + Cafeina 65 mg,mg,Cafiaspirina,Bayer,Medio,2,40000000,4000
Acido Acetilsalicilico,Tableta o cápsula,Acido Acetilsalicilico 81 mg,mg,Cardioaspirina,Bayer,Medio,2,40000000,4000
Acido Alendronico + Colecalciferol,Tableta o cápsula,Acido Alendronico 70 mg + Colecalciferol 5600 UI,mg,Osficar,Lafrancol,Medio,2,40000000,4000
Acido Alginico + Bicarbonato De Sodio,Tableta o cápsula,Acido Alginico 200 mg + Bicarbonato De Sodio 70 mg,mg,Milpax,Farma,Medio,2,40000000,4000
Acido Aminoacetico,Solución o suspensión inyectable,Acido Aminoacetico 1.5 g,g,Glicina,Baxter,Medio,2,3800000,380
Acido Ascorbico,Tableta o cápsula,Acido Ascorbico 1 g,g,Vita,Tecnoquimicas,Medio,2,3800000,380
Acido Ascorbico + Acido Folico + Hierro,Tableta o cápsula,Acido Ascorbico 100 mg + Acido Folico 1 mg + Hierro 330 mg,mg,Anemidox,Procter & Gamble,Medio,2,3800000,380
Acido Ascorbico + Cianocobalamina + Calcio + Acido Pantotenico + Hierro + Nicotinamida + Piridoxina + Riboflavina + Tiamina + Retinol + Colecalciferol,Solución o suspensión oral,Acido Ascorbico 100 mg + Cianocobalamina 0.006 mg + Calcio 20 mg + Acido Pantotenico 5 mg + Hierro 5 mg + Nicotinamida 20 mg + Piridoxina 1.5 mg + Riboflavina 2.5 mg + Tiamina 3 mg + Retinol 8500 UI + Colecalciferol 1700 UI,mg,Pediavit,Procaps,Medio,2,3800000,380
Acido Ascorbico + Pantenol + Hierro + Nicotinamida + Piridoxina + Riboflavina + Zinc + Tiamina + Retinol + Cianocobalamina + Colecalciferol,Solución o suspensión oral,Acido Ascorbico 100 mg + Pantenol 4.9 mg + Hierro 5 mg + Nicotinamida 20 mg + Piridoxina 1.5 mg + Riboflavina 2.5 mg + Zinc 11.25 mg + Tiamina 3 mg + Retinol 8500 UI + Cianocobalamina 0.006 mg + Colecalciferol 1700 UI,mg,Pediavit,Procaps,Medio,2,3800000,380
Acido Ascorbico,Tableta o cápsula,Acido Ascorbico 100 mg,mg,Cebion,Procter & Gamble,Medio,2,3800000,380
Acido Ascorbico + Cianocobalamina + Hierro + Nicotinamida + Piridoxina + Riboflavina + Tiamina + Retinol + Colecalciferol + Tocoferol Alfa,Cremas o geles o ungüentos o pomadas o pastas o jaleas,Acido Ascorbico 1000 mg + Cianocobalamina 0.1 mg + Hierro 320 mg + Nicotinamida 200 mg + Piridoxina 26 mg + Riboflavina 40 mg + Tiamina 40 mg + Retinol 68000 UI + Colecalciferol 10000 UI + Tocoferol Alfa 166.6 UI,mg,Pediavit,Procaps,Medio,2,2000000,200
Acido Ascorbico + Acido Folico + Cianocobalamina + Piridoxina + Cocarboxilasa + Colecalciferol + Biotina + Acido Pantotenico + Tocoferol Alfa + Nicotinamida + Retinol + Riboflavina,Polvo para reconstituir a Solución o suspensión inyectable,Acido Ascorbico 125 mg + Acido Folico 0.414 mg + Cianocobalamina 0.006 mg + Piridoxina 5.5 mg + Cocarboxilasa 5.8 mg + Colecalciferol 220 UI + Biotina 0.069 mg + Acido Pantotenico 16.15 mg + Tocoferol Alfa 10.2 mg + Nicotinamida 46 mg + Retinol 3500 UI + Riboflavina 5.67 mg,mg,Cernevit,Clintec Parenteral,Medio,2,2000000,200
Acido Ascorbico + Betacaroteno + Cianocobalamina + Nicotinamida + Pantotenato De Calcio + Piridoxina + Riboflavina + Tiamina + Vitamina A + Tocoferol Alfa + Zinc Sulfato,Tableta o cápsula,Acido Ascorbico 200 mg + Betacaroteno 6 mg + Cianocobalamina 13 mg + Nicotinamida 56 mg + Pantotenato De Calcio 21.75 mg + Piridoxina 6.3 mg + Riboflavina 5 mg + Tiamina 4.5 mg + Vitamina A 5000 UI + Tocoferol Alfa 30 UI + Zinc Sulfato 22.5 mg,mg,Z-Full,Tecnoquimicas,Medio,2,2000000,200
Acido Ascorbico + Cianocobalamina + Nicotinamida + Pantotenato De Calcio + Piridoxina + Riboflavina + Zinc + Tiamina + Retinol,Tableta o cápsula,Acido Ascorbico 200 mg + Cianocobalamina 13 mcg + Nicotinamida 74 mg + Pantotenato De Calcio 20 mg + Piridoxina 5 mg + Riboflavina 5 mg + Zinc 22.5 mg + Tiamina 5 mg + Retinol 25000 UI,mg,Z-Full,Tecnoquimicas,Medio,2,2000000,200
Acido Ascorbico,Solución o suspensión oral,Acido Ascorbico 20000 mg,mg,Redoxon,Bayer,Medio,2,2000000,200
Acido Ascorbico + Acido Ascorbico,Tableta o cápsula,Acido Ascorbico 250 mg + Acido Ascorbico 250 mg,mg,Vitamina,Genfar,Medio,2,2000000,200
Acido Ascorbico + Sodio Ascorbato,Tableta o cápsula,Acido Ascorbico 310 mg + Sodio Ascorbato 190 mg,mg,Devit-C,Labquifar,Medio,2,2000000,200
Acido Ascorbico + Calcio Fosfatos + Niacinamida + Pantotenato De Calcio + Piridoxina + Riboflavina + Zinc + Tiamina + Retinol + Cianocobalamina + Colecalciferol + Tocoferol Alfa,Tableta o cápsula,Acido Ascorbico 40 mg + Calcio Fosfatos 5.76 mg + Niacinamida 14 mg + Pantotenato De Calcio 6 mg + Piridoxina 2.1 mg + Riboflavina 1.2 mg + Zinc 15 mg + Tiamina 0.9 mg + Retinol 5300 UI + Cianocobalamina 3 mcg + Colecalciferol 200 UI + Tocoferol Alfa 10 UI,mg,Vita,Induquimica,Medio,2,2000000,200
Acido Ascorbico,Tableta o cápsula,Acido Ascorbico 5 g,g,Vitamina,Ecar,Medio,2,2000000,200
Acido Ascorbico + Acido Ascorbico,Tableta o cápsula,Acido Ascorbico 500 mg + Acido Ascorbico 500 mg,mg,C-Grip,Biochem,Medio,2,2000000,200
Acido Ascorbico + Ascorbato Sodico,Tableta o cápsula,Acido Ascorbico 500 mg + Ascorbato Sodico 270 mg,mg,Vical,Ecar,Medio,2,2000000,200
Acido Ascorbico,Tableta o cápsula de liberación modificada,Acido Ascorbico 500 mg,mg,Lemovitc,Procaps,Medio,2,2000000,200
Acido Aspartico + Acido Glutamico + Alanina + Arginina + Fenilalanina + Glicina + Histidina + Isoleucina + Leucina + Lisina + Metionina + Prolina + Serina + Tirosina + Treonina + Triptofano + Valina,Solución o suspensión inyectable,Acido Aspartico 434 mg + Acido Glutamico 749 mg + Alanina 2170 mg + Arginina 1470 mg + Fenilalanina 2.08 mg + Glicina 1040 mg + Histidina 894 mg + Isoleucina 1.498 mg + Leucina 2.08 mg + Lisina 1180 mg + Metionina 1.498 mg + Prolina 894 mg + Serina 592 mg + Tirosina 39 mg + Treonina 1.498 mg + Triptofano 0.5 mg + Valina 1.92 mg,mg,Travasol,Baxter,Medio,2,2000000,200
Acido Azelaico,Cremas o geles o ungüentos o pomadas o pastas o jaleas,Acido Azelaico 15 g,g,Finacea,Leo,Medio,2,2000000,200
Acido Azelaico,Cremas o geles o ungüentos o pomadas o pastas o jaleas,Acido Azelaico 15000 mg,mg,Rozelaic,Scandinavia Pharma,Medio,2,1000000,100
Acido Azelaico,Cremas o geles o ungüentos o pomadas o pastas o jaleas,Acido Azelaico 20 g,g,Cutacelan,Leo,Medio,2,1000000,100
Acido Benzoico + Yodo,Solución o suspensión tópica,Acido Benzoico 1 g + Yodo 26 ml,g,Neofungina,Neo,Medio,2,1000000,100
Acido Benzoico + Acido Salicilico + Azufre,Cremas o geles o ungüentos o pomadas o pastas o jaleas,Acido Benzoico 5 g + Acido Salicilico 2.5 g + Azufre 5 g,g,Nixoderm,Incobra,Medio,2,1000000,100
Acido Micofenolico,Tableta o cápsula,Acido Micofenolico 360 mg,mg,Mycotas,Intas,Medio,2,1000000,100
Acido Benzoico + Acido Salicilico + Salicilanilida,Solución o suspensión tópica,Acido Benzoico 5000 mg + Acido Salicilico 800 mg + Salicilanilida 2000 mg,mg,Micofix,Tecnofar,Medio,2,1000000,100
Acido Borico + Benzocaina + Fenol,Solución o suspensión ótica,Acido Borico 10 mg + Benzocaina 10 mg + Fenol 12 mg,mg,Otifix,Coaspharma,Medio,2,1000000,100
Acido Borico + Triclosan,Polvos o granulados,Acido Borico 4.28 g + Triclosan 0.1 g,g,Mexsana,Bayer,Medio,2,1000000,100
Acido Carglumico,Tableta o cápsula,Acido Carglumico 200 mg,mg,Carbaglu,Recordati Rare Diseases,Medio,2,1000000,100
Acido Citrico + Magnesio Oxido + Picosulfato De Sodio,Polvo para reconstituir a Solución o suspensión oral,Acido Citrico 12 g + Magnesio Oxido 3.5 g + Picosulfato De Sodio 10 mg,g,Travad,Tecnofar,Medio,2,1000000,100
Acido Citrico + Magnesio Oxido + Picosulfato De Sodio,Polvo para reconstituir a Solución o suspensión oral,Acido Citrico 12000 mg + Magnesio Oxido 3500 mg + Picosulfato De Sodio 10 mg,mg,Picoprep,Ferring,Medio,2,1000000,100
Acido Citrico + Potasio + Sodio + Cloruro De Sodio + Dextrosa,Solución o suspensión oral,Acido Citrico 369 mg + Potasio 216 mg + Sodio 98 mg + Cloruro De Sodio 205 mg + Dextrosa 2.5 g,mg,Hidralitos,Farmadisa,Medio,2,1000000,100
Acido Clavulanico + Amoxicilina,Polvo para reconstituir a Solución o suspensión oral,Acido Clavulanico 1.14 g + Amoxicilina 8 g,g,Amoxidal,Mega Labs,Medio,2,1000000,100
Acido Clavulanico + Amoxicilina,Polvo para reconstituir a Solución o suspensión oral,Acido Clavulanico 1250 mg + Amoxicilina 5 g,mg,Clavulin,Smithkline,Medio,2,1000000,100
Acido Clavulanico + Amoxicilina,Polvo para reconstituir a Solución o suspensión oral,Acido Clavulanico 1250 mg + Amoxicilina 5000 mg,mg,Koact,Aurobindo,Medio,2,10000000,1000
Acido Clavulanico + Amoxicilina,Polvo para reconstituir a Solución o suspensión oral,Acido Clavulanico 42.9 mg + Amoxicilina 600 mg,mg,Curam,Sandoz,Medio,2,10000000,1000
Acido Clavulanico + Amoxicilina,Polvo para reconstituir a Solución o suspensión oral,Acido Clavulanico 57 mg + Amoxicilina 400 mg,mg,Amoxicilina,Momenta,Medio,2,10000000,1000
Acido Cromoglicico,Solución o suspensión oftálmica,Acido Cromoglicico 20 mg,mg,Miratrol,Biochem,Medio,2,10000000,1000
Acido Diacético,Polvo para reconstituir a Solución o suspensión inyectable,Acido Diacético 30 mg,mg,Techida,Institute Of Isotope,Medio,2,10000000,1000
Acido Diatrizoico + Meglumina,Solución o suspensión oral,Acido Diatrizoico 100 mg + Meglumina 660 mg,mg,Md- Gastroview,Liebel,Medio,2,10000000,1000
Acido Dietilen Triamino,Polvo para reconstituir a Solución o suspensión inyectable,Acido Dietilen Triamino 10 mg,mg,Poltechdtpa,Narodowe Centrum Badan Jadrowych,Medio,2,10000000,1000
Acido Dimercaptosuccinico,Polvo para reconstituir a Solución o suspensión inyectable,Acido Dimercaptosuccinico 0.066 mg,mg,Renocis,Quirurgicos,Medio,2,10000000,1000
Acido Fosforico + Etanol + Levosimendan + Propilenglicol,Solución o suspensión inyectable,Acido Fosforico 0.85 mg + Etanol 3651.4 mg + Levosimendan 2.5 mg + Propilenglicol 407.25 mg,mg,Levosidax,Adventum Pharma,Medio,2,10000000,1000
Acido Fusidico,Solución o suspensión oftálmica,Acido Fusidico 1000 mg,mg,Fucithalmic,Amdipharm,Medio,2,10000000,1000
Acido Docosahexaenoico + Acido Folico + Ascorbato Sodico + Hierro + Calcio + Tocoferol Alfa + Nicotinamida + Zinc + Piridoxina + Riboflavina + Tiamina Mononitrato + Retinol + Cianocobalamina + Colecalciferol,Tableta o cápsula,Acido Docosahexaenoico 150 mg + Acido Folico 0.6 mg + Ascorbato Sodico 70 mg + Hierro 30 mg + Calcio 125 mg + Tocoferol Alfa 10 UI + Nicotinamida 17 mg + Zinc 15 mg + Piridoxina 4 mg + Riboflavina 3.4 mg + Tiamina Mononitrato 3 mg + Retinol 2664 UI + Cianocobalamina 2.2 mcg + Colecalciferol 400 UI,mg,Gestavit,Procaps,Medio,2,10000000,1000
Acido Espaglumico,Solución o suspensión oftálmica,Acido Espaglumico 49 mg,mg,Naabak,Thea,Medio,2,10000000,1000
Acido Fenofibrico + Rosuvastatina,Tableta o cápsula,Acido Fenofibrico 135 mg + Rosuvastatina  10 mg,mg,Stafen,Synthesis,Medio,2,10000000,1000
Acido Folico + Calcio + Hierro + Nicotinamida + Pantotenato De Calcio + Retinol + Tiamina + Cianocobalamina + Riboflavina + Piridoxina + Vitamina C + Colecalciferol + Tocoferol Alfa + Zinc,Tableta o cápsula,Acido Folico 0.15 mg + Calcio 100 mg + Hierro 12.5 mg + Nicotinamida 10 mg + Pantotenato De Calcio 5 mg + Retinol 3000 UI + Tiamina 1 mg + Cianocobalamina 3.5 mcg + Riboflavina 1 mg + Piridoxina 1.5 mg + Vitamina C 50 mg + Colecalciferol 200 UI + Tocoferol Alfa 5 UI + Zinc 12.5 mg,mg,Hermotril,Finlay,Medio,2,10000000,1000
Acido Folico + Hierro,Jarabe,Acido Folico 0.2 mg + Hierro 30 mg,mg,Nuclevit,Labquifar,Medio,2,10000000,1000
Acido Folico + Ascorbato Sodico + Cianocobalamina + Tocoferol Alfa + Calcio Fosfatos + Hierro + Nicotinamida + Pantotenato De Calcio + Piridoxina + Riboflavina + Tiamina Mononitrato + Retinol + Colecalciferol,Tableta o cápsula,Acido Folico 0.25 mg + Ascorbato Sodico 160 mg + Cianocobalamina 6 mcg + Tocoferol Alfa 25 UI + Calcio Fosfatos 150 mg + Hierro 15 mg + Nicotinamida 74 mg + Pantotenato De Calcio 6 mg + Piridoxina 5 mg + Riboflavina 5 mg + Tiamina Mononitrato 5 mg + Retinol 25000 UI + Colecalciferol 1250 UI,mg,Multivit,Procaps,Medio,2,10000000,1000
Acido Folico + Hierro,Tableta o cápsula,Acido Folico 0.35 mg + Hierro 105 mg,mg,Ferro,Teofarma,Medio,2,10000000,1000
Acido Folico + Acido Ascorbico + Biotina + Cianocobalamina + Piridoxina + Tiamina + Nicotinamida + Acido Pantotenico + Riboflavina,Polvo para reconstituir a Solución o suspensión inyectable,Acido Folico 0.4 mg + Acido Ascorbico 100 mg + Biotina 0.006 mg + Cianocobalamina 5 mcg + Piridoxina 4 mg + Tiamina 2.5 mg + Nicotinamida 40 mg + Acido Pantotenico 15 mg + Riboflavina 3.6 mg,mg,Soluvit,Fresenius,Medio,2,10000000,1000
Acido Folico + Calcio + Hierro + Colecalciferol,Tableta o cápsula,Acido Folico 0.4 mg + Calcio 200 mg + Hierro 18 mg + Colecalciferol 400 UI,mg,Calcibon,Farma,Medio,2,10000000,1000
Acido Folico + Calcio Citrato + Colecalciferol,Tableta o cápsula,Acido Folico 0.4 mg + Calcio Citrato 200 mg + Colecalciferol 100 UI,mg,Calcibonnatal,Farma,Medio,2,10000000,1000
Acido Folico + Hierro,Tableta o cápsula,Acido Folico 0.4 mg + Hierro 100 mg,mg,Chalver Hematin Fol,Chalver,Medio,2,10000000,1000
Acido Folico + Calcio + Hierro + Nicotinamida + Retinol + Tiamina + Cianocobalamina + Riboflavina + Piridoxina + Acido Ascorbico + Colecalciferol + Tocoferol Alfa + Zinc,Tableta o cápsula,Acido Folico 0.6 mg + Calcio 125 mg + Hierro 30 mg + Nicotinamida 17 mg + Retinol 2664 UI + Tiamina 3 mg + Cianocobalamina 2.2 mcg + Riboflavina 3.4 mg + Piridoxina 4 mg + Acido Ascorbico 70 mg + Colecalciferol 400 UI + Tocoferol Alfa 10 mg + Zinc 15 mg,mg,Natele,Bayer,Medio,2,10000000,1000
Acido Fusidico + Dexametasona + Ketoconazol,Cremas o geles o ungüentos o pomadas o pastas o jaleas,Acido Fusidico 2 g + Dexametasona 0.04 g + Ketoconazol 2 g,g,Fusitrex,Aulen,Medio,2,10000000,1000
Acido Fusidico,Cremas o geles o ungüentos o pomadas o pastas o jaleas,Acido Fusidico 2 mg.,mg.,Fucifar,Farmacoop,Medio,2,10000000,1000
Acido Folico + Acido Ascorbico + Betacaroteno + Biotina + Calcio + Cianocobalamina + Cromo + Tocoferol Alfa + Hierro + Molibdeno + Nicotinamida  + Magnesio + Pantotenato De Calcio + Piridoxina + Riboflavina + Cobre + Manganeso + Zinc + Tiamina Mononitrato + Retinol + Colecalciferol + Yodo,Tableta o cápsula,Acido Folico 1 mg + Acido Ascorbico 40 mg + Betacaroteno 3000 UI + Biotina 0.19 mg + Calcio 160 mg + Cianocobalamina 12 mcg + Cromo 25 mcg + Tocoferol Alfa 30 UI + Hierro 20 mg + Molibdeno 25 mcg + Nicotinamida  20 mg + Magnesio 50 mg + Pantotenato De Calcio 18 mg + Piridoxina 4.5 mg + Riboflavina 4 mg + Cobre 1 mg + Manganeso 3 mg + Zinc 25 mg + Tiamina Mononitrato 3 mg + Retinol 3000 UI + Colecalciferol 550 UI + Yodo 150 mcg,mg,Gestavit,Procaps,Medio,2,10000000,1000
Acido Folico + Acido Ascorbico + Hierro + Calcio + Piridoxina + Alfatocoferil Acetato + Fluor + Molibdato + Nicotinamida + Acidos Omega 3 + Zinc + Pantotenato De Calcio + Riboflavina + Cobalto + Cobre + Magnesio + Manganeso + Potasio + Tiamina + Vitamina A + Cianocobalamina + Vitamina D3,Tableta o cápsula,Acido Folico 1 mg + Acido Ascorbico 42 mg + Hierro 19 mg + Calcio 120 mg + Piridoxina 1.05 mg + Alfatocoferil Acetato 10.5 UI + Fluor 90 mcg + Molibdato 51 mcg + Nicotinamida 8189 mg + Acidos Omega 3 555.56 mg + Zinc 0.2 mg + Pantotenato De Calcio 17.5 mg + Riboflavina 2.2 mg + Cobalto 50 mcg + Cobre 1 mg + Magnesio 14 mg + Manganeso 1 mg + Potasio 8 mg + Tiamina 2.5 mg + Vitamina A 3.3 mg + Cianocobalamina 1.15 mcg + Vitamina D3 0.44 mg,mg,Viplena,Synthesis,Medio,2,10000000,1000
Acido Folico + Ascorbato Sodico + Hierro + Carbonato De Calcio + Piridoxina + Vitamina E + Floruro De Sodio + Molibdato De Sodio + Nicotinamida + Omega 3 + Oxido De Zinc + Pantetonato De Calcio + Riboflavina + Sulfato De Cobalto + Sulfato De Cobre + Sulfato De Magnesio + Sulfato De Manganeso + Sulfato De Potasio + Tiamina + Vitamina A + Vitamina B12 + Vitamina D3,Tableta o cápsula,Acido Folico 1 mg + Ascorbato Sodico 47.2879 mg + Hierro 19 mg + Carbonato De Calcio 300 mg + Piridoxina 1.05 mg + Vitamina E 10.5 mg + Floruro De Sodio 0.2 mg + Molibdato De Sodio 51 mg + Nicotinamida 8.189 mg + Omega 3 25 mg + Oxido De Zinc 0.2 mg + Pantetonato De Calcio 17.5 mg + Riboflavina 2.2 mg + Sulfato De Cobalto 0.24 mg + Sulfato De Cobre 1 mg + Sulfato De Magnesio 71 mg + Sulfato De Manganeso 3.1 mg + Sulfato De Potasio 18 mg + Tiamina 2.5 mg + Vitamina A 3.3 mg + Vitamina B12 1.15 mg + Vitamina D3 0.44 mg,mg,Nutragesta,Farma,Medio,2,10000000,1000
Acido Folico,Solución o suspensión inyectable,Acido Folico 1 mg,mg,Acido Folico,Ecar,Medio,2,10000000,1000
Acido Folico + Hierro,Tableta o cápsula,Acido Folico 1000 mcg + Hierro 30 mg,mcg,Gestafer,Siegfried,Medio,2,10000000,1000
Acido Folico + Cianocobalamina + Hierro + Acido Ascorbico,Tableta o cápsula,Acido Folico 2 mg + Cianocobalamina 1 mg + Hierro 330 mg + Acido Ascorbico 100 mg,mg,Ferrimed,Novamed,Medio,2,10000000,1000
Acido Folico + Hierro,Jarabe,Acido Folico 2.4 mg + Hierro 1000 mg,mg,Herrex,Farma,Medio,2,10000000,1000
Acido Folico + Bisglicinato,Jarabe,Acido Folico 20 mg + Bisglicinato 3000 mg,mg,Gestafer,Procaps,Medio,2,25000000,2500
Acido Folico,Tableta o cápsula,Acido Folico 400 mg,mg,Folic,Laproff,Medio,2,25000000,2500
Acido Folico + Hierro,Jarabe,Acido Folico 4000 mcg + Hierro 1 g,mcg,Chalver,Chalver,Medio,2,25000000,2500
Acido Folico + Hierro,Solución o suspensión oral,Acido Folico 5 mg + Hierro 3.4211 g,mg,Ferroplus,Quipropharma,Medio,2,25000000,2500
Acido Folico,Tableta o cápsula,Acido Folico 5 mg,mg,Acido Folico,Ecar,Medio,2,25000000,2500
Acido Folinico,Polvo para reconstituir a Solución o suspensión inyectable,Acido Folinico 350 mg,mg,Alonat,Al Pharma,Medio,2,25000000,2500
Acido Fusidico + Betametasona,Cremas o geles o ungüentos o pomadas o pastas o jaleas,Acido Fusidico 2000 mg + Betametasona 100 mg,mg,Fucicort,Leo,Medio,2,3000000,300
Acido Fusidico + Hidrocortisona,Cremas o geles o ungüentos o pomadas o pastas o jaleas,Acido Fusidico 2000 mg + Hidrocortisona 1000 mg,mg,Fusimed-,Biochem,Medio,2,3000000,300
Acido Fusidico + Dexametasona + Ketoconazol,Cremas o geles o ungüentos o pomadas o pastas o jaleas,Acido Fusidico 2040 mg + Dexametasona 40.8 mg + Ketoconazol 2040 mg,mg,Unitrex,Farma,Medio,2,3000000,300
Acido Gadobenico,Solución o suspensión inyectable,Acido Gadobenico 529 mg,mg,Multihance,Bracco Imagi,Medio,2,3000000,300
Acido Gadoterico,Solución o suspensión inyectable,Acido Gadoterico 279.3 mg,mg,Clariscan,Ge Healthcare,Medio,2,47057100,4705.71
Acido Gadoterico,Solución o suspensión inyectable,Acido Gadoterico 279.32 mg,mg,Dotarem,Guerbet,Medio,2,47057100,4705.71
Acido Gadoxetico,Solución o suspensión inyectable,Acido Gadoxetico 0.25 mmol,mmol,Primovist,Bayer,Medio,2,47057100,4705.71
Acido Glicolico + Hidroquinona,Loción,Acido Glicolico 10 g + Hidroquinona 2 g,g,Glicolic-H,Scandinavia Pharma,Medio,2,200000,20
Acido Hialuronico + Condroitina,Solución o suspensión oftálmica,Acido Hialuronico 1 mg + Condroitina 1.8 mg,mg,Humylub,Sophia,Medio,2,250000,25
Acido Hialuronico + Polietilenglicol + Propilenglicol,Solución o suspensión oftálmica,Acido Hialuronico 1.5 mg + Polietilenglicol 4 mg + Propilenglicol 3 mg,mg,Systane Ha,Alcon,Medio,2,250000,25
Acido Hialuronico,Solución o suspensión inyectable,Acido Hialuronico 10 mg,mg,Dropyal,Meiji Seika,Medio,2,250000,25
Acido Hialuronico,Solución o suspensión inyectable,Acido Hialuronico 16 mg,mg,Biovisc,Sophia,Medio,2,250000,25
Acido Hialuronico,Solución o suspensión oftálmica,Acido Hialuronico 2 mg,mg,Toptear,Scandinavia Pharma,Medio,2,100000,10
Acido Hialuronico + Diclofenaco,Cremas o geles o ungüentos o pomadas o pastas o jaleas,Acido Hialuronico 2.5 g + Diclofenaco 3 g,g,Esquerat Gel,Euroetika,Medio,2,100000,10
Acido Hialuronico,Solución o suspensión inyectable,Acido Hialuronico 60 mg,mg,Suplasyn,Mylan,Medio,2,100000,10
Acido Ibandronico + Vitamina D3,Tableta o cápsula,Acido Ibandronico 150 mg + Vitamina D3 12000 UI,mg,Ibone,Synthesis,Medio,2,100000,10
Acido Ibandronico + Vitamina D8,Tableta o cápsula,Acido Ibandronico 150 mg + Vitamina D8 30000 UI,mg,Ibone,Lafrancol,Medio,2,100000,10
Acido Ibandronico,Solución o suspensión inyectable,Acido Ibandronico 3 mg,mg,Bonviva,Atnahs,Medio,2,100000,10
Acido Lactico,Cremas o geles o ungüentos o pomadas o pastas o jaleas,Acido Lactico 225 mg,mg,Biofil,Rolf Kullgren,Medio,2,100000,10
Acido Lactico + Acido Salicilico,Solución o suspensión tópica,Acido Lactico 4523.75 mg + Acido Salicilico 18095 mg,mg,Colloplus,Grunenthal,Medio,2,10000000,1000
Acido Lactico + Acido Salicilico,Solución o suspensión tópica,Acido Lactico 5 g + Acido Salicilico 20 g,g,Kinor,Scandinavia Pharma,Medio,2,10000000,1000
Acido Medronico,Polvo para reconstituir a Solución o suspensión inyectable,Acido Medronico 10 mg,mg,Draximage,Jubilant,Medio,2,10000000,1000
Acido Mefenamico,Tableta o cápsula,Acido Mefenamico 500 mg,mg,Acido Mefenamico,Tecnoquimicas,Medio,2,10000000,1000
Acido Orotico + Oxipurina,Solución o suspensión inyectable,Acido Orotico 12.5 mg + Oxipurina 12.5 mg,mg,Atoxcynarol,Remo,Medio,2,10000000,1000
Acido Retinoico,Cremas o geles o ungüentos o pomadas o pastas o jaleas,Acido Retinoico 20 mg,mg,Betarretin,Scandinavia Pharma,Medio,2,10000000,1000
Acido Retinoico + Eritromicina,Loción,Acido Retinoico 25 mg + Eritromicina 4 g,mg,Retromicina,Pharmaderm,Medio,2,10000000,1000
Acido Retinoico,Cremas o geles o ungüentos o pomadas o pastas o jaleas,Acido Retinoico 25 mg,mg,Betarretin,Scandinavia Pharma,Medio,2,10000000,1000
Acido Retinoico,Cremas o geles o ungüentos o pomadas o pastas o jaleas,Acido Retinoico 40 mg,mg,Acnicrem,America,Medio,2,10000000,1000
Acido Retinoico + Hidroquinona,Cremas o geles o ungüentos o pomadas o pastas o jaleas,Acido Retinoico 50 mg + Hidroquinona 0.05 g,mg,Betarretin,Scandinavia Pharma,Medio,2,10000000,1000
Acido Retinoico + Hidroquinona + Mometasona,Cremas o geles o ungüentos o pomadas o pastas o jaleas,Acido Retinoico 50 mg + Hidroquinona 4 g + Mometasona 0.1 g,mg,4D,Percos,Medio,2,10000000,1000
Acido Retinoico + Hidroquinona,Loción,Acido Retinoico 50 mg + Hidroquinona 4 g,mg,Betarretin,Scandinavia Pharma,Medio,2,10000000,1000
Acido Retinoico,Loción,Acido Retinoico 50 mg,mg,Betarretin,Scandinavia Pharma,Medio,2,10000000,1000
Acido Retinoico,Solución o suspensión tópica,Acido Retinoico 50 mg,mg,Acido Retinoico,Quifarma,Medio,2,10000000,1000
Acido Salicilico,Parche,Acido Salicilico 0.0401 g,g,Hansaplast,Beiersdorf,Medio,2,10000000,1000
Acido Salicilico + Salicilico Acido,Solución o suspensión tópica,Acido Salicilico 1 g + Salicilico Acido 5 g,g,Epiten,Nattermann,Medio,2,10000000,1000
Acido Salicilico + Mometasona,Loción,Acido Salicilico 1.5 g + Mometasona 0.1 g,g,Bemerin,Lafrancol,Medio,2,10000000,1000
Acido Salicilico + Azufre,Cremas o geles o ungüentos o pomadas o pastas o jaleas,Acido Salicilico 2 g + Azufre 10 g,g,Azuderm,Laboratorios Leon,Medio,2,10000000,1000
Acido Salicilico + Betametasona,Cremas o geles o ungüentos o pomadas o pastas o jaleas,Acido Salicilico 3000 mg + Betametasona 50 mg,mg,Diprosalic,Merck Sharp Dome,Medio,2,10000000,1000
Acido Salicilico + Mometasona,Cremas o geles o ungüentos o pomadas o pastas o jaleas,Acido Salicilico 5 g + Mometasona 0.1 g,g,Dermotil-S,Glenmark,Medio,2,10000000,1000
Acido Salicilico,Cremas o geles o ungüentos o pomadas o pastas o jaleas,Acido Salicilico 53.3 g,g,Liibertador,Ramirez De Diaz Magdalena,Medio,2,10000000,1000
Acido Salicilico,Cremas o geles o ungüentos o pomadas o pastas o jaleas,Acido Salicilico 53.33 g,g,Matacallos,Anglopharma,Medio,2,10000000,1000
Acido Salicilico,Parche,Acido Salicilico 570 mg,mg,Hansaplast,Beiersdorf,Medio,2,10000000,1000
Acido Tartarico + Bicarbonato De Sodio,Solución o suspensión oral,Acido Tartarico 7.364 g + Bicarbonato De Sodio 7.209 g,g,Citromel,Bionutrect,Medio,2,10000000,1000
Acido Tolfenamico,Tableta o cápsula,Acido Tolfenamico 200 mg,mg,Dolfenax,Chalver,Medio,2,10000000,1000
Agua Esteril,Solución o suspensión inyectable,Agua Esteril 10 ml,ml,Agua,Ropsohn,Medio,2,10000000,1000
Acido Undecilenico + Undecilenico Zinc,Polvos o granulados,Acido Undecilenico 2000 mg + Undecilenico Zinc 20000 mg,mg,Neofungina,Neo,Medio,2,10000000,1000
Acido Undecilenico + Undecilenico Zinc,Cremas o geles o ungüentos o pomadas o pastas o jaleas,Acido Undecilenico 5 g + Undecilenico Zinc 20 g,g,Neofungina,Neo,Medio,2,10000000,1000
Acido Ursodeoxicolico,Tableta o cápsula,Acido Ursodeoxicolico 250 mg,mg,Ursofalk,Dr Falk Pharma,Medio,2,10000000,1000
Acido Ursodeoxicolico,Tableta o cápsula,Acido Ursodeoxicolico 500 mg,mg,Ursofalk,Dr Falk Pharma,Medio,2,10000000,1000
Acido Ursodeoxicolico,Tableta o cápsula,Acido Ursodeoxicolico 600 mg,mg,Ursacol,Zambon,Medio,2,10000000,1000
Acido Valproico,Solución o suspensión inyectable,Acido Valproico 100 mg,mg,Valcote,Lafrancol,Medio,2,10000000,1000
Acido Valproico,Jarabe,Acido Valproico 250 mg,mg,Epigel,Chalver,Medio,2,10000000,1000
Acido Yodhidrico + Yodo,Solución o suspensión tópica,Acido Yodhidrico 2.1 g + Yodo 1.04 g,g,Prepodyne,Electrowest,Medio,2,10000000,1000
Acido Zoledronico,Solución o suspensión inyectable,Acido Zoledronico 0.04 mg,mg,Zometa,Novartis,Medio,2,10000000,1000
Acidos Omega 3,Tableta o cápsula,Acidos Omega 3 1000 mg,mg,Epacor,Procaps,Medio,2,10000000,1000
Acidos Omega 3,Tableta o cápsula,Acidos Omega 3 1200 mg,mg,Epax,Procaps,Medio,2,10000000,1000
Acidos Omega 3 + Atorvastatina,Tableta o cápsula,Acidos Omega 3 840 mg + Atorvastatina 10 mg,mg,Lipomega,Procaps,Medio,2,10000000,1000
Acidos Omega 3 + Atorvastatina,Tableta o cápsula,Acidos Omega 3 840 mg + Atorvastatina 20 mg,mg,Lipomega,Procaps,Medio,2,10000000,1000
Acitretina,Tableta o cápsula,Acitretina 10 mg,mg,Neotigason,Actavis,Medio,2,10000000,1000
Aclidinio Bromuro,Polvo para reconstituir a Solución o suspensión inyectable/inhalación,Aclidinio Bromuro 18 mcg,mcg,Bromuro De Ipratropio,Biosyntec,Medio,2,10000000,1000
Aclidinio Bromuro,Aerosoles,Aclidinio Bromuro 20 mcg,mcg,Bromuro De Ipratropio,Biosyntec,Medio,2,10000000,1000
Aclidinio Bromuro,Solución o suspensión para inhalación,Aclidinio Bromuro 20 mcg,mcg,Plamune,Cipla,Medio,2,10000000,1000
Aclidinio Bromuro,Tableta o cápsula,Aclidinio Bromuro 60 mg,mg,Mestinon,Zeyco,Medio,2,10000000,1000
Adalimumab,Solución o suspensión inyectable,Adalimumab 100 mg,mg,Humira,Abbott  / Abbvie,Medio,2,10000000,1000
Adapalene + Clindamicina,Cremas o geles o ungüentos o pomadas o pastas o jaleas,Adapalene 0.1 g + Clindamicina 1 g,g,Glenpalene-C,Glenmark,Medio,2,10000000,1000
Adapalene,Cremas o geles o ungüentos o pomadas o pastas o jaleas,Adapalene 0.3 g,g,Zudenina,Scandinavia Pharma,Medio,2,10000000,1000
Adapaleno + Clindamicina + Peroxido Benzoilo,Cremas o geles o ungüentos o pomadas o pastas o jaleas,Adapaleno 0.1 g + Clindamicina 1 g + Peroxido Benzoilo 5 g,g,Acnoic,Lafrancol,Medio,2,10000000,1000
Adapaleno + Clindamicina,Cremas o geles o ungüentos o pomadas o pastas o jaleas,Adapaleno 0.1 g + Clindamicina 1000 mg,g,Zudenina,Scandinavia Pharma,Medio,2,10000000,1000
Amisulprida,Tableta o cápsula,Amisulprida 200 mg,mg,Deniban,Sanofi Aventis,Medio,2,10000000,1000
Adapaleno + Eritromicina,Solución o suspensión tópica,Adapaleno 0.1 g + Eritromicina 4 g,g,Iloticina,Tecnofar,Medio,2,10000000,1000
Adapaleno + Peroxido De Benzoilo,Cremas o geles o ungüentos o pomadas o pastas o jaleas,Adapaleno 0.1 g + Peroxido De Benzoilo 2.5 g,g,Epiduo,Galderma,Medio,2,10000000,1000
Adapaleno + Peroxido De Benzoilo,Cremas o geles o ungüentos o pomadas o pastas o jaleas,Adapaleno 0.3 g + Peroxido De Benzoilo 2.5 g,g,Epiduo,Galderma,Medio,2,10000000,1000
Adapaleno,Cremas o geles o ungüentos o pomadas o pastas o jaleas,Adapaleno 0.3 g,g,Differin,Galderma,Medio,2,10000000,1000
Adapaleno + Peroxido De Benzoilo,Cremas o geles o ungüentos o pomadas o pastas o jaleas,Adapaleno 100 mg + Peroxido De Benzoilo 6.25 g,mg,Acnoic,Lafrancol,Medio,2,10000000,1000
Adapaleno,Cremas o geles o ungüentos o pomadas o pastas o jaleas,Adapaleno 100 mg,mg,Zudenina,Scandinavia Pharma,Medio,2,10000000,1000
Adrenalina + Articaina Clorhidrato,Solución o suspensión inyectable,Adrenalina 0.005 mg + Articaina Clorhidrato 40 mg,mg,Septanest Con Adrenalina,Septodont,Medio,2,10000000,1000
Adrenalina + Articaina,Solución o suspensión inyectable,Adrenalina 0.018 mg + Articaina 72 mg,mg,Septanest,Septodont,Medio,2,10000000,1000
Adrenalina,Solución o suspensión inyectable,Adrenalina 1 mg,mg,Adrenalina,Ryan,Medio,2,10000000,1000
Adrenalina + Mepivacaina Clorhidrato,Solución o suspensión inyectable,Adrenalina 18 mcg + Mepivacaina Clorhidrato 36 mg,mcg,Scandonest,Septodont,Medio,2,10000000,1000
Afatinib,Tableta o cápsula,Afatinib 30 mg,mg,Giotrif,Boehringer,Medio,2,10000000,1000
Afatinib,Tableta o cápsula,Afatinib 40 mg,mg,Giotrif,Boehringer,Medio,2,10000000,1000
Aflibercept,Solución o suspensión inyectable,Aflibercept 40 mg,mg,Eylia,Bayer,Medio,2,10000000,1000
Agalsidasa Alfa,Solución o suspensión inyectable,Agalsidasa Alfa 1 mg,mg,Replagal,Baxalta,Medio,2,10000000,1000
Agalsidasa Beta,Polvo para reconstituir a Solución o suspensión inyectable,Agalsidasa Beta 35 mg,mg,Fabrazyme,Genzyme,Medio,2,10000000,1000
Agalsidasa Beta,Polvo para reconstituir a Solución o suspensión inyectable,Agalsidasa Beta 5 mg,mg,Fabrazyme,Genzyme,Medio,2,10000000,1000
Agua + Nadroparina,Solución o suspensión inyectable,Agua 0.3 mg + Nadroparina 30 mg,mg,Fraxiparine,Aspen,Medio,2,10000000,1000
Agua + Enoxoparina Sodica,Solución o suspensión inyectable,Agua 0.4 ml + Enoxoparina Sodica 40 mg,ml,Enoxaparina Sodica,Delta,Medio,2,10000000,1000
Agua,Solución o suspensión inyectable,Agua 1 ml,ml,Agua Destilada,Bio Esteril,Medio,2,10000000,1000
Agua + Biperideno,Solución o suspensión inyectable,Agua 1 QS + Biperideno 5 mg,QS,Roron,Blaskov,Medio,2,10000000,1000
Agua Esteril + Cloruro De Benzalconio + Sodio + Edetato Disodico + Acido Clorhidrico + Sodio Hidroxido,Solución o suspensión oftálmica,Agua Esteril 1 ml + Cloruro De Benzalconio 0.1 mg + Sodio 40 mg + Edetato Disodico 1 mg + Acido Clorhidrico 0 ml + Sodio Hidroxido 0 ml,ml,Syvicrom,Vitafar,Medio,2,10000000,1000
Amisulprida,Tableta o cápsula,Amisulprida 50 mg,mg,Socian,Sanofi Aventis,Medio,2,10000000,1000
Agua Esteril,Solución o suspensión inyectable,Agua Esteril 100 ml,ml,Agua,Biofluidos & Farma,Medio,2,10000000,1000
Agua Esteril,Solución o suspensión inyectable,Agua Esteril 1000 ml,ml,Agua,Ropsohn,Medio,2,10000000,1000
Alanilglutamina,Solución o suspensión inyectable,Alanilglutamina 200 mg,mg,Dipeptiven,Fresenius,Medio,2,10000000,1000
Alantoina + Cepae Extracto + Heparina De Sodio,Cremas o geles o ungüentos o pomadas o pastas o jaleas,Alantoina 1000 mg + Cepae Extracto 10000 mg + Heparina De Sodio 5000 UI,mg,Contractubex,Merz Pharmaceuticals,Medio,2,10000000,1000
Alantoina + Alquitran De Hulla,Emulsión Topica,Alantoina 2 mg + Alquitran De Hulla 50 mg,mg,Soriderm,Anglopharma,Medio,2,10000000,1000
Alantoina + Alquitran De Hulla,Loción,Alantoina 2000 mg + Alquitran De Hulla 5000 mg,mg,Soriderm,Anglopharma,Medio,2,10000000,1000
Albendazol,Solución o suspensión oral,Albendazol 2000 mg,mg,Albendazol,Colmed,Medio,2,10000000,1000
Albendazol,Solución o suspensión oral,Albendazol 4 mg,mg,Benmacit,Farmacoop,Medio,2,10000000,1000
Albendazol,Tableta o cápsula,Albendazol 400 mg.,mg.,Zentel,Glaxosmithkline,Medio,2,10000000,1000
Albendazol,Solución o suspensión oral,Albendazol 4000 mg,mg,Zentel,Glaxosmithkline,Medio,2,10000000,1000
Albumina,Solución o suspensión inyectable,Albumina 0.2 g,g,Albutein,Grifols,Medio,2,10000000,1000
Albumina,Polvo para reconstituir a Solución o suspensión inyectable,Albumina 1 mg,mg,Nano-Albumon,Mediradiopharma,Medio,2,10000000,1000
Albumina,Solución o suspensión inyectable,Albumina 10 g,g,Uman,Kedrion,Medio,2,10000000,1000
Albumina,Solución o suspensión inyectable,Albumina 200 g,g,Alburex,Csl,Medio,2,10000000,1000
Alcanfor + Fenol + Mentol  + Petrolato,Cremas o geles o ungüentos o pomadas o pastas o jaleas,Alcanfor 1 g + Fenol 0.5 g + Mentol  600 mg + Petrolato 41.3 g,g,Chapstick,Pfizer,Medio,2,10000000,1000
Alcanfor + Mentol + Salicilato De Metilo,Cremas o geles o ungüentos o pomadas o pastas o jaleas,Alcanfor 3 g + Mentol 4 g + Salicilato De Metilo 14 g,g,Ungüento Mentol No. 2,Tecnofar,Medio,2,10000000,1000
Alcanfor + Mentol + Salicilato De Metilo,Cremas o geles o ungüentos o pomadas o pastas o jaleas,Alcanfor 4 g + Mentol 3 g + Salicilato De Metilo 5 g,g,Ungüento Mentolin,Fedefarma,Medio,2,10000000,1000
Alcanfor + Eucaliptol + Mentol + Salicilato De Metilo,Cremas o geles o ungüentos o pomadas o pastas o jaleas,Alcanfor 4500 mg + Eucaliptol 6000 mg + Mentol 4500 mg + Salicilato De Metilo 8 g,mg,Ungüento Tibet,Labquifar,Medio,2,10000000,1000
Alcanfor + Mentol + Salicilato De Metilo + Yodopovidona,Cremas o geles o ungüentos o pomadas o pastas o jaleas,Alcanfor 500 mg + Mentol 500 mg + Salicilato De Metilo 5000 mg + Yodopovidona 2000 mg,mg,Yodosilato,Antibil,Medio,2,10000000,1000
Alcanfor + Eucaliptol + Mentol + Salicilato De Metilo,Cremas o geles o ungüentos o pomadas o pastas o jaleas,Alcanfor 7 g + Eucaliptol 1 g + Mentol 4.2 g + Salicilato De Metilo 3.8 g,g,Zahye,Pena,Medio,2,10000000,1000
Alprostadil,Polvo para reconstituir a Solución o suspensión inyectable,Alprostadil 0.02 mg,mg,Caverject,Pfizer,Medio,2,10000000,1000
Alcanfor + Mentol + Salicilato De Metilo,Cremas o geles o ungüentos o pomadas o pastas o jaleas,Alcanfor 8 g + Mentol 2 g + Salicilato De Metilo 8 g,g,Doloran,Hector Rivera Garzon,Medio,2,10000000,1000
Alcohol Bencilico + Calamina + Zinc Oxido,Cremas o geles o ungüentos o pomadas o pastas o jaleas,Alcohol Bencilico 1000 mg + Calamina 5000 mg + Zinc Oxido 5000 mg,mg,Biocicar,Biochem,Medio,2,10000000,1000
Alcohol Etilico,Solución o suspensión tópica,Alcohol Etilico 64.9 g,g,Alcohol,Quiromedicas,Medio,2,10000000,1000
Alcohol Etilico + Clorhexidina,Solución o suspensión tópica,Alcohol Etilico 65.78 g + Clorhexidina 5.325 g,g,3M Avagard,3M Colombia,Medio,2,10000000,1000
Alcohol Etilico,Cremas o geles o ungüentos o pomadas o pastas o jaleas,Alcohol Etilico 65000 mg,mg,Alcohol,Rety,Medio,2,10000000,1000
Alcohol Etilico,Cremas o geles o ungüentos o pomadas o pastas o jaleas,Alcohol Etilico 70 % (V/V),% (V/V),Alcohol Antiseptico,Tecnoquimicas,Medio,2,10000000,1000
Alcohol Etilico + Clorhexidina,Solución o suspensión tópica,Alcohol Etilico 70 ml + Clorhexidina 2000 mg,ml,Wescohex,Electrowest,Medio,2,1000000,100
Alcohol Etilico + Mentol,Solución o suspensión tópica,Alcohol Etilico 73 ml + Mentol 0.39 g,ml,Locion,Belleza Express,Medio,2,1000000,100
Alcohol Isopropilico + Yodopovidona,Solución o suspensión tópica,Alcohol Isopropilico 60.61 ml + Yodopovidona 0.12 ml,ml,3M Duraprep,3M Colombia,Medio,2,1000000,100
Alcohol Isopropilico,Cremas o geles o ungüentos o pomadas o pastas o jaleas,Alcohol Isopropilico 63000 mg,mg,Supragel,Quiromedicas,Medio,2,1000000,100
Alcohol Isopropilico + Cetrimida,Solución o suspensión tópica,Alcohol Isopropilico 70 g + Cetrimida 0.5 g,g,Dermocidal,Quiromedicas,Medio,2,1000000,100
Alcohol Polivinilico + Vitamina A,Solución o suspensión oftálmica,Alcohol Polivinilico 12 mg + Vitamina A 5000 IU,mg,Oq-See,Oftalmoquimica,Medio,2,1000000,100
Alemtuzumab,Solución o suspensión inyectable,Alemtuzumab 10 mg,mg,Lemtrada,Genzyme,Medio,2,1000000,100
Alendronato,Tableta o cápsula,Alendronato 91.35 mg,g,Alendronato,Pauly,Medio,2,1000000,100
Alfuzosina,Tableta o cápsula de liberación modificada,Alfuzosina 10 mg,g,Xatral,Sanofi Aventis,Medio,2,20000000,2000
Algestona + Estradiol,Solución o suspensión inyectable,Algestona 90 mg + Estradiol 6 mg,g,Synovular,Lafrancol,Medio,2,500000,50
Alginato De Sodio,Solución o suspensión oral,Alginato De Sodio 2500 mg,g,Reflufin,Farmaser,Medio,2,500000,50
Alglucosidasa Alfa,Polvo para reconstituir a Solución o suspensión inyectable,Alglucosidasa Alfa 50 mg,g,Myozyme,Genzyme,Medio,2,500000,50
Alirocumab,Solución o suspensión inyectable,Alirocumab 150 mg,g,Praluent,Sanofi Aventis,Medio,2,500000,50
Alirocumab,Solución o suspensión inyectable,Alirocumab 75 mg,g,Praluent,Sanofi Aventis,Medio,2,0.1,0.00001
Alprazolam,Solución o suspensión oral,Alprazolam 0.75 mg,mg,Xanax,Pfizer,Medio,2,20000000,2000
Amiodarona,Solución o suspensión inyectable,Amiodarona 50 mg,mg,Amiodarona,Ads Pharma,Medio,2,20000000,2000
Alprostadil,Solución o suspensión inyectable,Alprostadil 0.02 mg,mg,Dalveol,Closter Pharma,Medio,2,20000000,2000
Alprostadil,Solución o suspensión inyectable,Alprostadil 0.5 mg,mg,Prostin,Pfizer,Medio,2,20000000,2000
Alprostadil,Solución o suspensión inyectable,Alprostadil 20 ug,ug,Alprostapint,Pint Pharma,Medio,2,20000000,2000
Alprostadil,Solución o suspensión inyectable,Alprostadil 500 mcg,mcg,Alprostapint,Pint Pharma,Medio,2,20000000,2000
Alquitran De Hulla,Emulsión Topica,Alquitran De Hulla 40 mg,mg,Lexinex,Scandinavia Pharma,Medio,2,20000000,2000
Alteplase,Polvo para reconstituir a Solución o suspensión inyectable,Alteplase 50 mg,mg,Actilyse,Boehringer,Medio,2,20000000,2000
Aluminio,Solución o suspensión oral,Aluminio 6 g,g,Acibiogel,Grunenthal,Medio,2,1000000,100
Aluminio Acetato,Cremas o geles o ungüentos o pomadas o pastas o jaleas,Aluminio Acetato 0.05 g,g,Skinacid,Ophalac,Medio,2,3500000,350
Aluminio Acetato,Solución o suspensión tópica,Aluminio Acetato 0.059 g,g,Skinacid,Ophalac,Medio,2,1000000,100
Aluminio Acetato,Loción,Aluminio Acetato 118 mg,mg,Acetato De Aluminio,Genfar,Medio,2,3500000,350
Aluminio Acetato + Hidrocortisona + Lidocaina + Zinc,Cremas o geles o ungüentos o pomadas o pastas o jaleas,Aluminio Acetato 3.5 g + Hidrocortisona 0.25 g + Lidocaina 5 g + Zinc 18 g,g,Sperti,Ah Robins,Medio,2,1000000,100
Aluminio Acetato,Cremas o geles o ungüentos o pomadas o pastas o jaleas,Aluminio Acetato 50 mg,mg,Acid - Mantle,Bayer,Medio,2,3500000,350
Aluminio Acetato,Loción,Aluminio Acetato 50 mg,mg,Acetato De Aluminio,American Generics,Medio,2,60000000,6000
Aluminio Acetato,Loción,Aluminio Acetato 53 mg,mg,Acid Mantle N,Bayer,Medio,2,60000000,6000
Aluminio Hidroxido,Tableta o cápsula,Aluminio Hidroxido 234 mg,mg,Pepsamar,Sanofi Aventis,Medio,2,60000000,6000
Aluminio Hidroxido + Magnesio Hidroxido + Simeticona,Solución o suspensión oral,Aluminio Hidroxido 26490 mg + Magnesio Hidroxido 12903 mg + Simeticona 422 mg,mg,Gastrofull,Patmar,Medio,2,60000000,6000
Aluminio Hidroxido + Magnesio Hidroxido + Simeticona,Tableta o cápsula,Aluminio Hidroxido 282 mg + Magnesio Hidroxido 85 mg + Simeticona 25 mg,mg,Ditopax,Bayer,Medio,2,60000000,6000
Aluminio Hidroxido + Magnesio + Simeticona,Solución o suspensión oral,Aluminio Hidroxido 4000 mg + Magnesio 4 g + Simeticona 400 mg,mg,Aluminio,Tecnofar,Medio,2,60000000,6000
Aluminio Hidroxido + Calcio + Magnesio Hidroxido + Simeticona,Tableta o cápsula,Aluminio Hidroxido 470 mg + Calcio 152 mg + Magnesio Hidroxido 328 mg + Simeticona 25 mg,mg,Ditopax,Bayer,Medio,2,60000000,6000
Aluminio Hidroxido + Simeticona,Solución o suspensión oral,Aluminio Hidroxido 57970 mg + Simeticona 1330 mg,mg,Suspension De Hidroxido De Aluminio Y Magnesio + Simeticona,Grunenthal,Medio,2,60000000,6000
Aluminio Hidroxido,Solución o suspensión oral,Aluminio Hidroxido 6.15 g,g,Pepsamar,Sanofi Aventis,Medio,2,2500000,250
Aluminio Hidroxido,Solución o suspensión oral,Aluminio Hidroxido 6000 mg,mg,Hidroxido,Tecnofar,Medio,2,2500000,250
Aluminio Hidroxido + Magnesio + Simeticona,Solución o suspensión oral,Aluminio Hidroxido 8 g + Magnesio 8 g + Simeticona 0.6 g,g,Mk Doss,Tecnofar,Medio,2,2500000,250
Aluminio Hidroxido + Magnesio Hidroxido + Simeticona,Solución o suspensión oral,Aluminio Hidroxido 8 g + Magnesio Hidroxido 8 g + Simeticona 0.6 g,g,Mylanta,Janssen,Medio,2,2500000,250
Aluminio Hidroxido + Magnesio Hidroxido + Simeticona,Solución o suspensión oral,Aluminio Hidroxido 8000 mg + Magnesio Hidroxido 8000 mg + Simeticona 600 mg,mg,Pepsamar,Sanofi Aventis,Medio,2,2500000,250
Amantadina,Tableta o cápsula,Amantadina 100 mg,mg,Zintergia,Novamed,Medio,2,2500000,250
Ambroxol + Salbutamol,Jarabe,Ambroxol 0.3 g + Salbutamol 0.04 g,g,Tos-Xol,Farma,Medio,2,2500000,250
Ambroxol + Salbutamol,Jarabe,Ambroxol 15 mg + Salbutamol 2 mg,mg,Limitox,Farmaser,Medio,2,2500000,250
Ambroxol + Clenbuterol,Jarabe,Ambroxol 150 mg + Clenbuterol 0.1 mg,mg,Tusimed,Biochem,Medio,2,200000,20
Ambroxol,Tableta o cápsula,Ambroxol 20 mg,mg,Isodine,Sanofi Aventis,Medio,2,200000,20
Ambroxol + Dextrometorfano + Teofilina,Jarabe,Ambroxol 250 mg + Dextrometorfano 250 mg + Teofilina 1300 mg,mg,Triatusic,Labquifar,Medio,2,200000,20
Ambroxol + Salbutamol,Jarabe,Ambroxol 300 mg + Salbutamol 40 mg,mg,Resphir,Rociphar,Medio,2,200000,20
Ambroxol + Salbutamol,Solución o suspensión oral,Ambroxol 300 mg + Salbutamol 40 mg,mg,Muxol,Novamed,Medio,2,60000000,6000
Ambroxol + Salbutamol,Jarabe,Ambroxol 560 g + Salbutamol 19.9 g,g,Ambromex,Labquifar,Medio,2,60000000,6000
Ambroxol + Salbutamol,Solución o suspensión oral,Ambroxol 600 mg + Salbutamol 80 mg,mg,Muxol,Novamed,Medio,2,4000000,400
Ambroxol,Solución o suspensión oral,Ambroxol 600 mg,mg,Bisolvon,Sanofi Aventis,Medio,2,400000,40
Ambroxol,Tableta o cápsula de liberación modificada,Ambroxol 75 mg,mg,Bisolvon,Sanofi Aventis,Medio,2,400000,40
Amidotrizoato De Meglumina + Amidotrizoato De Sodio,Solución o suspensión oral,Amidotrizoato De Meglumina 66 g + Amidotrizoato De Sodio 10 g,g,Gastrografina,Bayer,Medio,2,400000,40
Amikacina,Solución o suspensión inyectable,Amikacina 100 mg,mg,Amikacina,Vitalis,Medio,2,400000,40
Amikacina,Solución o suspensión inyectable,Amikacina 50 mg,mg,Amikacina,Pharmayect,Medio,2,400000,40
Amilasa,Tableta o cápsula,Amilasa 18000 U Ph.Eu,U Ph.Eu,Creon,Lafrancol,Medio,2,400000,40
Amilasa + Pancreatina + Proteasa,Tableta o cápsula,Amilasa 22500 U Ph.Eu + Pancreatina 400 U + Proteasa 1250 U Ph.Eu,U Ph.Eu,Panzytrat,Allergan,Medio,2,400000,40
Amilasa,Tableta o cápsula,Amilasa 8000 U Ph.Eu,U Ph.Eu,Creon,Lafrancol,Medio,2,400000,40
Amilorida + Hidroclorotiazida,Tableta o cápsula,Amilorida 5 mg + Hidroclorotiazida 50 mg,mg,Moduretic,Merck Sharp Dome,Medio,2,100000,10
Aminofilina,Solución o suspensión inyectable,Aminofilina 24 mg,mg,Aminofilina,Procaps,Medio,2,100000,10
Amiodarona,Solución o suspensión inyectable,Amiodarona 150 mg,mg,Cordarone,Sanofi Aventis,Medio,2,100000,10
Amitriptilina + Trifluoperazina,Tableta o cápsula,Amitriptilina 5 mg + Trifluoperazina 0.5 mg,mg,Cuait,Bago,Medio,2,100000,10
Amlodipino + Bisoprolol,Tableta o cápsula,Amlodipino 10 mg + Bisoprolol 5 mg,mg,Concor,Merck,Medio,2,100000,10
Amlodipino + Candesartan + Hidroclorotiazida,Tableta o cápsula,Amlodipino 10 mg + Candesartan 16 mg + Hidroclorotiazida 12.5 mg,mg,Candam,Lafrancol,Medio,2,100000,10
Amlodipino + Candesartan,Tableta o cápsula,Amlodipino 10 mg + Candesartan 16 mg,mg,Candam,Lafrancol,Medio,2,100000,10
Amlodipino + Hidroclorotiazida + Valsartan,Tableta o cápsula,Amlodipino 10 mg + Hidroclorotiazida 25 mg + Valsartan 160 mg,mg,Exforge,Novartis,Medio,2,100000,10
Amlodipino + Hidroclorotiazida + Valsartan,Tableta o cápsula,Amlodipino 10 mg + Hidroclorotiazida 25 mg + Valsartan 320 mg,mg,Exforge,Novartis,Medio,2,400000,40
Amlodipino + Indapamida + Perindopril,Tableta o cápsula,Amlodipino 10 mg + Indapamida 1.25 mg + Perindopril 5 mg,mg,Coveratrix,Les Laboratoires Servier,Medio,2,400000,40
Amlodipino + Indapamida + Perindopril,Tableta o cápsula,Amlodipino 10 mg + Indapamida 2.5 mg + Perindopril 10 mg,mg,Coveratrix,Les Laboratoires Servier,Medio,2,400000,40
Amlodipino + Valsartan + Amlodipino + Valsartan,Tableta o cápsula,Amlodipino 10 mg + Valsartan 160 mg + Amlodipino 10 mg + Valsartan 160 mg,mg,Amval,Lafrancol,Medio,2,10000000,1000
Amlodipino + Valsartan,Tableta o cápsula,Amlodipino 10 mg + Valsartan 80 mg,mg,Varteral,Procaps,Medio,2,10000000,1000
Amlodipino + Hidroclorotiazida,Tableta o cápsula,Amlodipino 12.5 mg + Hidroclorotiazida 10 mg,mg,Amlotens/Hct,Anzg,Medio,2,0.3,0.00003
Amlodipino,Tableta o cápsula,Amlodipino 13.88 mg,mg,Amlodipino,La Sante,Medio,2,130000,13
Amlodipino + Valsartan,Tableta o cápsula,Amlodipino 2.5 mg + Valsartan 160 mg,mg,Alencal,Closter Pharma,Medio,2,200000,20
Amlodipino + Valsartan,Tableta o cápsula,Amlodipino 2.5 mg + Valsartan 80 mg,mg,Alencal,Closter Pharma,Medio,2,149000,14.9
Amlodipino + Bisoprolol,Tableta o cápsula,Amlodipino 5 mg + Bisoprolol 5 mg,mg,Concor,Merck,Medio,2,149000,14.9
Amlodipino + Candesartan + Hidroclorotiazida,Tableta o cápsula,Amlodipino 5 mg + Candesartan 16 mg + Hidroclorotiazida 12.5 mg,mg,Candam,Lafrancol,Medio,2,149000,14.9
Amlodipino + Candesartan + Hidroclorotiazida,Tableta o cápsula,Amlodipino 5 mg + Candesartan 32 mg + Hidroclorotiazida 12.5 mg,mg,Candam,Lafrancol,Medio,2,149000,14.9
Amlodipino + Hidroclorotiazida + Valsartan,Polvos o granulados,Amlodipino 5 mg + Hidroclorotiazida 12.5 mg + Valsartan 160 mg,mg,Duoval,Rowe,Medio,2,300000,30
Amlodipino + Hidroclorotiazida + Valsartan,Tableta o cápsula,Amlodipino 5 mg + Hidroclorotiazida 25 mg + Valsartan 160 mg,mg,Exforge,Novartis,Medio,2,300000,30
Amlodipino + Indapamida + Perindopril,Tableta o cápsula,Amlodipino 5 mg + Indapamida 1.25 mg + Perindopril 5 mg,mg,Coveratrix,Les Laboratoires Servier,Medio,2,300000,30
Amlodipino + Indapamida,Tableta o cápsula de liberación modificada,Amlodipino 5 mg + Indapamida 1.5 mg,mg,Natrixam,Les Laboratoires Servier,Medio,2,0.216,0.0000216
Amlodipino + Losartan,Tableta o cápsula,Amlodipino 5 mg + Losartan 45.8 mg,mg,Cozaar,Merck Sharp Dome,Medio,2,0.216,0.0000216
Clotrimazol,Supositorio,Clotrimazol 100 mg,mg,Clotrimazol,Pentacoop,Medio,2,0.098,0.0000098
Amlodipino + Losartan,Tableta o cápsula,Amlodipino 5 mg + Losartan 50 mg,mg,Aramax,Scandinavia Pharma,Medio,2,0.098,0.0000098
Amlodipino + Perindopril,Tableta o cápsula,Amlodipino 5 mg + Perindopril 10 mg,mg,Coveram,Les Laboratoires Servier,Medio,2,0.205,0.0000205
Amlodipino + Perindopril,Tableta o cápsula,Amlodipino 5 mg + Perindopril 5 mg,mg,Coveram,Les Laboratoires Servier,Medio,2,0.205,0.0000205
Amlodipino + Telmisartan,Tableta o cápsula,Amlodipino 5 mg + Telmisartan 40 mg,mg,Cordiax,Synthesis,Medio,2,250000,25
Amlodipino Besilato,Tableta o cápsula,Amlodipino Besilato 10 mg,mg,Amlodipino,Pentacoop,Medio,2,250000,25
Amonio Cloruro,Jarabe,Amonio Cloruro 2 g,g,Teseis,Gerco,Medio,2,0.216,0.0000216
Amonio Cloruro + Fenoterol + Noscapina,Jarabe,Amonio Cloruro 350 mg + Fenoterol 25 mg + Noscapina 50 mg,mg,Pulbronc,Novamed,Medio,2,0.216,0.0000216
Amonio Cloruro + Fenoterol + Noscapina,Jarabe,Amonio Cloruro 700 mg + Fenoterol 50 mg + Noscapina 100 mg,mg,Pulbronc,Novamed,Medio,2,0.098,0.0000098
Amorolfina,Solución o suspensión tópica,Amorolfina 5 g,g,Etonic,Procaps,Medio,2,0.098,0.0000098
Amorolfina,Solución o suspensión tópica,Amorolfina 5000 mg,mg,Loceryl,Galderma,Medio,2,0.205,0.0000205
Amoxicilina + Acido Clavulanico,Tableta o cápsula,Amoxicilina 1 g + Acido Clavulanico 125 mg,g,Ipiclav,Ipca,Medio,2,0.205,0.0000205
Amoxicilina,Tableta o cápsula,Amoxicilina 1 g,g,Amoxidal,Scandinavia Pharma,Medio,2,250000,25
Amoxicilina,Polvo para reconstituir a Solución o suspensión oral,Amoxicilina 14 g,g,Tramotal,Icofarma,Medio,2,250000,25
Amoxicilina,Solución o suspensión oral,Amoxicilina 16.07 g,g,Amoxil,Glaxosmithkline,Medio,2,0.216,0.0000216
Amoxicilina,Polvo para reconstituir a Solución o suspensión oral,Amoxicilina 2500 mg,mg,Amoxicilina,La Sante,Medio,2,0.216,0.0000216
Amoxicilina + Acido Clavulanico,Polvo para reconstituir a Solución o suspensión oral,Amoxicilina 5 g + Acido Clavulanico 1.5 g,g,Amoxicilina,Mk,Medio,2,0.098,0.0000098
Amoxicilina + Acido Clavulanico,Polvo para reconstituir a Solución o suspensión oral,Amoxicilina 5 g + Acido Clavulanico 1250 mg,g,Curam,Sandoz,Medio,2,0.098,0.0000098
Amoxicilina,Polvo para reconstituir a Solución o suspensión oral,Amoxicilina 5.814 g,g,Tramotal,Icofarma,Medio,2,0.205,0.0000205
Amoxicilina,Polvo para reconstituir a Solución o suspensión oral,Amoxicilina 500 mg,mg,Servamox,Sandoz,Medio,2,0.205,0.0000205
Amoxicilina + Acido Clavulanico,Polvo para reconstituir a Solución o suspensión oral,Amoxicilina 600 mg + Acido Clavulanico 43 mg,mg,Clavulin,Glaxosmithkline,Medio,2,250000,25
Amoxicilina,Polvo para reconstituir a Solución o suspensión oral,Amoxicilina 750 mg,mg,Amoxidal,Roemmers,Medio,2,250000,25
Amoxicilina + Acido Clavulanico,Polvo para reconstituir a Solución o suspensión oral,Amoxicilina 8 g + Acido Clavulanico 1.15 g,g,Amoxicilina,Mk,Medio,2,0.216,0.0000216
Amoxicilina + Acido Clavulanico,Tableta o cápsula,Amoxicilina 875 g + Acido Clavulanico 125 mg,g,Clavutec,Bcn Medical,Medio,2,0.216,0.0000216
Ampicilina + Ampicilina,Tableta o cápsula,Ampicilina 1000 mg + Ampicilina 1000 mg,mg,Ampicilina,Tecnoquimicas,Medio,2,0.098,0.0000098
Ampicilina,Polvo para reconstituir a Solución o suspensión inyectable,Ampicilina 1000 mg,mg,Ampicilina,Aurobindo,Medio,2,0.098,0.0000098
Ampicilina,Tableta o cápsula,Ampicilina 1000 mg,mg,Eucilina,Labquifar,Medio,2,0.205,0.0000205
Ampicilina,Polvo para reconstituir a Solución o suspensión oral,Ampicilina 5000 mg,mg,Eucilina,Labquifar,Medio,2,0.205,0.0000205
Anatoxina Tetanica,Solución o suspensión inyectable,Anatoxina Tetanica 10 LfU,LfU,Vacuna Antitetanica,Finlay,Medio,2,250000,25
Anidulafungina,Polvo para reconstituir a Solución o suspensión inyectable,Anidulafungina 100 mg,mg,Ecalta,Pfizer,Medio,2,250000,25
Anticuerpos Hepatitis B,Solución o suspensión inyectable,Anticuerpos Hepatitis B 20 mcg,mcg,Vacunade,Silcov,Medio,2,10000000,1000
Anticuerpos Hepatitis B,Solución o suspensión inyectable,Anticuerpos Hepatitis B 50 UI,UI,Hepatect,Biotest,Medio,2,10000000,1000
Antigeno De Superficie De Hepatitis B + Hemaglutinina Filamentosa + Toxoide Pertusico + Polisacarido De Haemophilus Influenzae Tipo B + Toxoide Difterico + Toxoide Tetanico Purificado + Virus De Poliomelitis Inactivado Tipo 1 (Mahoney) + Virus De Poliomelitis Inactivado Tipo 2 (Mef-1) + Virus De Poliomelitis Inactivado Tipo 3 (Saukett),Solución o suspensión inyectable,Antigeno De Superficie De Hepatitis B 10 mcg + Hemaglutinina Filamentosa 25 mcg + Toxoide Pertusico 25 mcg + Polisacarido De Haemophilus Influenzae Tipo B 12 mcg + Toxoide Difterico 20 UI + Toxoide Tetanico Purificado 2 Dosis + Virus De Poliomelitis Inactivado Tipo 1 (Mahoney) 40 U + Virus De Poliomelitis Inactivado Tipo 2 (Mef-1) 8 U + Virus De Poliomelitis Inactivado Tipo 3 (Saukett) 32 U,mcg,Hexaxim,Sanofi Aventis,Medio,2,10000000,1000
Antigeno Del Virus De La Hepatitis A,Solución o suspensión inyectable,Antigeno Del Virus De La Hepatitis A 2 Dosis,Dosis,Havrix,Glaxosmithkline,Medio,2,4000000,400
Antigeno Del Virus De La Hepatitis A + Antigeno Superficial Del Virus Hepatitis B,Solución o suspensión inyectable,Antigeno Del Virus De La Hepatitis A 720 elisa unit + Antigeno Superficial Del Virus Hepatitis B 20 mcg,elisa unit,Twinrix,Glaxosmithkline,Medio,2,500000,50
Antigeno Hav,Solución o suspensión inyectable,Antigeno Hav 1440 elisa unit,elisa unit,Havrix,Glaxosmithkline,Medio,2,4000000,400
Antigeno Hbsag,Solución o suspensión inyectable,Antigeno Hbsag 20 mcg,mcg,Recomvax,Sanofi Aventis,Medio,2,500000,50
Antitimocito Immunoglobulina (Conejo),Polvo para reconstituir a Solución o suspensión inyectable,Antitimocito Immunoglobulina (Conejo) 25 mg,mg,Timoglobulina,Genzyme,Medio,2,4000000,400
Apalutamida,Tableta o cápsula,Apalutamida 60 mg,mg,Erleada Tabletas,Janssen,Medio,2,500000,50
Apixaban,Tableta o cápsula,Apixaban 2.5 mg,mg,Eliquis,Pfizer,Medio,2,4000000,400
Apixaban,Tableta o cápsula,Apixaban 5 mg,mg,Eliquis,Pfizer,Medio,2,500000,50
Apomorfina,Solución o suspensión inyectable,Apomorfina 10 mg,mg,Dacepton,Ever Neuro Pharma,Medio,2,4000000,400
Apomorfina,Solución o suspensión inyectable,Apomorfina 5 mg,mg,Dacepton,Ever Neuro Pharma,Medio,2,500000,50
Aprepitant,Tableta o cápsula,Aprepitant 125 mg,mg,Emend,Merck Sharp Dome,Medio,2,4000000,400
Aprotinina + Fibrinogeno + Calcio Cloruro + Trombina,Solución o suspensión inyectable,Aprotinina 3000 UI + Fibrinogeno 72 mg + Calcio Cloruro 40 µmol + Trombina 500 UI,UI,Tisseel,Baxter,Medio,2,500000,50
Arginina,Polvo para reconstituir a Solución o suspensión inyectable,Arginina 1000 mg,mg,Cefepime,Farmalogica,Medio,2,4000000,400
Aripiprazol,Solución o suspensión oral,Aripiprazol 1 mg,mg,Prazentol,Altadis,Medio,2,500000,50
Aripiprazol,Tableta o cápsula,Aripiprazol 30 mg,mg,Ipipral,Humax,Medio,2,4000000,400
Armodafinilo,Tableta o cápsula,Armodafinilo 150 mg,mg,Neoresotyl,Synthesis,Medio,2,500000,50
Articaina + Epinefrina,Solución o suspensión inyectable,Articaina 40 mg + Epinefrina 0.01 mg,mg,Artheek,New Stetic,Medio,2,4000000,400
Articaina + Epinefrina,Solución o suspensión inyectable,Articaina 72 mg + Epinefrina 0.018 mg,mg,Artheek,New Stetic,Medio,2,500000,50
Ascorbato Sodico,Tableta o cápsula,Ascorbato Sodico 500 mg,g,Vitamina,Colmed,Medio,2,4000000,400
Atenolol + Clortalidona,Tableta o cápsula,Atenolol 100 mg + Clortalidona 25 mg,g,Tenoretic,Astrazeneca,Medio,2,500000,50
Atenolol,Tableta o cápsula,Atenolol 50 mg,g,Tenormin,Astrazeneca,Medio,2,4000000,400
Atomoxetina,Tableta o cápsula,Atomoxetina 80 mg,g,Strattera,Eli Lilly,Medio,2,500000,50
Atorvastatina + Ezetimibe,Tableta o cápsula,Atorvastatina 10 mg + Ezetimibe 10 mg,g,Colmibe,Farmaceutica Paraguaya,Medio,2,4000000,400
Atorvastatina + Ezetimibe + Atorvastatina + Ezetimibe,Tableta o cápsula,Atorvastatina 20 mg + Ezetimibe 10 mg + Atorvastatina 20 mg + Ezetimibe 10 mg,g,Ezator,Lafrancol,Medio,2,500000,50
Atosiban,Solución o suspensión inyectable,Atosiban 37.5 mg,g,Tractocile,Ferring,Medio,2,4000000,400
Atosiban,Solución o suspensión inyectable,Atosiban 6.75 mg,g,Tractocile,Ferring,Medio,2,500000,50
Atracuro,Solución o suspensión inyectable,Atracuro 50 mg,g,Atracurio,Aculife,Medio,2,4000000,400
Atropina + Difenoxilato,Tableta o cápsula,Atropina 0.025 mg + Difenoxilato 2.5 mg,g,Lomotil,Pfizer,Medio,2,500000,50
Atropina,Solución o suspensión oftálmica,Atropina 10 mg,g,Atropina,Alcon,Medio,2,57670000,5767
Avanafil,Tableta o cápsula,Avanafil 100 mg,g,Anime,Legrand,Medio,2,57670000,5767
Avibactam + Ceftazidima,Polvo para reconstituir a Solución o suspensión inyectable,Avibactam 500 mg + Ceftazidima 2000 mg,g,Zavicefta,Pfizer,Medio,2,57670000,5767
Axitinib,Tableta o cápsula,Axitinib 5 mg,g,Inlyta,Pfizer,Medio,2,500000000,50000
Azacitadina,Polvo para reconstituir a Solución o suspensión inyectable,Azacitadina 100 mg,g,Azacyt,Intas,Medio,2,500000000,50000
Azelastina,Solución o suspensión oftálmica,Azelastina 0.5 mg,g,Mirafen,Biochem,Medio,2,100000000,10000
Azelastina + Fluticasona,Solución o suspensión nasal,Azelastina 100 mg + Fluticasona 36.5 mg,mg,Azeflu Suspension,Novamed,Medio,2,100000000,10000
Dutasteride,Tableta o cápsula,Dutasteride 0.5 mg,mg,Dutasvitae,Galenicum Health,Medio,2,100000000,10000
Azelastina,Solución o suspensión para inhalación,Azelastina 140 mcg,mcg,Alerxy,Synthesis,Medio,2,100000000,10000
Azitromicina,Solución o suspensión oftálmica,Azitromicina 15 mg,mg,Meibos Solucion,Especialidades Oftmalmologicas,Medio,2,500000000,50000
Azitromicina,Tableta o cápsula,Azitromicina 250 mg,mg,Tromix,Lafrancol,Medio,2,500000000,50000
Azitromicina,Solución o suspensión oftálmica,Azitromicina 3.575 mg,mg,Azydrop,Thea,Medio,2,100000000,10000
Azitromicina,Polvo para reconstituir a Solución o suspensión inyectable,Azitromicina 4 g,g,Aztrobac,Bioquifar,Medio,2,100000000,10000
Azitromicina,Polvo para reconstituir a Solución o suspensión inyectable/inhalación,Azitromicina 4 g,g,Albaczitrol,Alda,Medio,2,100000000,10000
Aztreonam,Polvo para reconstituir a Solución o suspensión inyectable,Aztreonam 1 g,g,Aztreonam,Farmalogica,Medio,2,100000000,10000
Azufre + Peroxido De Benzoilo,Cremas o geles o ungüentos o pomadas o pastas o jaleas,Azufre 10 g + Peroxido De Benzoilo 10 g,g,Sulfox,Aldoquin,Medio,2,500000000,50000
Bacillus Clausii,Solución o suspensión oral,Bacillus Clausii 40000 millon UI,millon UI,Enterogermina,Sanofi Aventis,Medio,2,500000000,50000
Bacillus Clausii,Solución o suspensión oral,Bacillus Clausii 800 millon UI,millon UI,Enterogerminaplus,Sanofi Aventis,Medio,2,100000000,10000
Bacilos Lacticos Acidofilos,Solución o suspensión oral,Bacilos Lacticos Acidofilos 1000 millon UFC,millon UFC,Fermolac,Incobra,Medio,2,100000000,10000
Bacitracina + Lidocaina + Neomicina + Polimixina B,Cremas o geles o ungüentos o pomadas o pastas o jaleas,Bacitracina 2500 UI + Lidocaina 5000 mg + Neomicina 500 mg + Polimixina B 100000 UI,UI,Kuramed,Siegfried,Medio,2,100000000,10000
Bacitracina + Dexametasona + Polimixina B,Cremas o geles o ungüentos o pomadas o pastas o jaleas,Bacitracina 50000 UI + Dexametasona 100 mg + Polimixina B 1 millon UI,UI,Altracine,Oftalmoquimica,Medio,2,100000000,10000
Baclofeno,Solución o suspensión inyectable,Baclofeno 10 mg,mg,Balanfen,Balance,Medio,2,500000000,50000
Bario,Solución o suspensión oral,Bario 246.12 mg,mg,E-Z Cat,Ez Em,Medio,2,500000000,50000
Bario + Sulfato De Bario Citrato,Polvo para reconstituir a Solución o suspensión oral,Bario 9.8258 g + Sulfato De Bario Citrato 9.8258 g,g,E-Z Hd Sulfato,Ez Em,Medio,2,100000000,10000
Bario,Polvo para reconstituir a Solución o suspensión oral,Bario 96.2983 g,g,E-Z Paque,Ez Em,Medio,2,100000000,10000
Bario,Polvos o granulados,Bario 96.4788 g,g,Acb Polibar Bario Sulfato,Ez Em,Medio,2,100000000,10000
Bario,Polvos o granulados,Bario 97.4 g,g,Barigraf,Juste,Medio,2,100000000,10000
Base,Tableta o cápsula,Base 15 mg,mg,Iclusig,Pint Pharma,Medio,2,137000,13.7
Basiliximab,Polvo para reconstituir a Solución o suspensión inyectable,Basiliximab 20 mg,mg,Simulect,Novartis,Medio,2,137000,13.7
Beclametasona,Solución o suspensión nasal,Beclametasona 0.05 g,g,Beclonose,Saluspharma,Medio,2,546000,54.6
Beclametasona,Aerosoles,Beclametasona 0.066 g,g,Beclomar,Biotoscana,Medio,2,546000,54.6
